particle_size,std_after_125_1_1_00,std_after_125_1_1_01,std_after_125_1_1_02,std_after_125_1_2_00,std_after_125_1_2_01,std_after_125_1_2_02,std_before_125_1_1_00,std_before_125_1_1_01,std_before_125_1_1_02,std_before_125_1_2_00,std_before_125_1_2_01,std_before_125_1_2_02,std_after_125_4_1_00,std_after_125_4_1_01,std_after_125_4_1_02,std_after_125_4_2_00,std_after_125_4_2_01,std_after_125_4_2_02,std_before_125_4_1_00,std_before_125_4_1_01,std_before_125_4_1_02,std_before_125_4_2_00,std_before_125_4_2_01,std_before_125_4_2_02,std_after_125_5_1_00,std_after_125_5_1_01,std_after_125_5_1_02,std_after_125_5_2_00,std_after_125_5_2_01,std_after_125_5_2_02,std_before_125_5_1_00,std_before_125_5_1_01,std_before_125_5_1_02
0.5,0,0,0,0,0,0,0,0,0,0,0,0,0,0,0,0,0,0,0,0,0,0,0,0,0,0,0,0,0,0,0,0,0
1.5,0,0,0,0,0,0,0,0,0,0,0,0,0,0,0,0,0,0,0,0,0,0,0,0,0,0,0,0,0,0,0,0,0
2.5,0,0,0,0,0,0,0,0,0,0,0,0,0,0,0,0,0,0,0,0,0,0,0,0,0,0,0,0,0,0,0,0,0
3.5,0,0,0,0,0,0,0,0,0,0,0,0,0,0,0,0,0,0,0,0,0,0,0,0,0,0,0,0,0,0,0,0,0
4.5,0,0,0,0,0,0,0,0,0,0,0,0,0,0,0,0,0,0,0,0,0,0,0,0,0,0,0,0,0,0,0,0,0
5.5,0,0,0,0,0,0,0,0,0,0,0,0,0,0,0,0,0,0,0,0,0,0,0,0,0,0,0,0,0,0,0,0,0
6.5,0,0,0,0,0,0,0,0,0,0,0,0,0,0,0,0,0,0,0,0,0,0,0,0,0,0,0,0,0,0,0,0,0
7.5,0,0,0,0,0,0,0,0,0,0,0,0,0,0,0,0,0,0,0,0,0,0,0,0,0,0,0,0,0,0,0,0,0
8.5,0,0,0,0,0,0,0,0,0,0,0,0,0,0,0,0,0,0,0,0,0,0,0,0,0,0,0,0,0,0,0,0,0
9.5,0,0,0,0,0,0,0,0,0,0,0,0,0,0,0,0,0,0,0,0,0,0,0,0,0,0,0,0,0,0,0,0,0
10.5,0,0,0,0,0,0,0,0,0,0,0,0,0,0,0,0,0,0,0,0,0,0,0,0,0,0,0,0,0,0,0,0,0
11.5,0,0,0,0,0,0,0,0,0,0,0,0,0,0,0,0,0,0,0,0,0,0,0,0,0,0,0,0,0,0,0,0,0
12.5,0,0,0,0,0,0,0,0,0,0,0,0,0,0,0,0,0,0,0,0,0,0,0,0,0,0,0,0,0,0,0,0,0
13.5,0,0,0,0,0,0,0,0,0,0,0,0,0,0,0,0,0,0,0,0,0,0,0,0,0,0,0,0,0,0,0,0,0
14.5,0,0,0,0,0,0,0,0,0,0,0,0,0,0,0,0,0,0,0,0,0,0,0,0,0,0,0,0,0,0,0,0,0
15.5,0,0,0,0,0,0,0,0,0,0,0,0,0,0,0,0,0,0,0,0,0,0,0,0,0,0,0,0,0,0,0,0,0
16.5,0,0,0,0,0,0,0,0,0,0,0,0,0,0,0,0,0,0,0,0,0,0,0,0,0,0,0,0,0,0,0,0,0
17.5,0,0,0,0,0,0,0,0,0,0,0,0,0,0,0,0,0,0,0,0,0,0,0,0,0,0,0,0,0,0,0,0,0
18.5,0,0,0,0,0,0,0,0,0,0,0,0,0,0,0,0,0,0,0,0,0,0,0,0,0,0,0,0,0,0,0,0,0
19.5,0,0,0,0,0,0,0,0,0,0,0,0,0,0,0,0,0,0,0,0,0,0,0,0,0,0,0,0,0,0,0,0,0
20.5,0,0,0,0,0,0,0,0,0,0,0,0,0,0,0,0,0,0,0,0,0,0,0,0,0,0,0,0,0,0,0,0,0
21.5,0,0,0,0,0,0,0,0,0,0,0,0,0,0,0,0,0,0,0,0,0,0,0,0,0,0,0,0,0,0,0,0,0
22.5,0,0,0,0,0,0,0,0,0,0,0,0,0,0,0,0,0,0,0,0,0,0,0,0,0,0,0,0,0,0,0,0,0
23.5,0,0,0,0,0,0,0,0,0,0,0,0,0,0,0,0,0,0,0,0,0,0,0,0,0,0,0,0,0,0,0,0,0
24.5,0,0,0,0,0,0,0,0,0,0,0,0,0,0,0,0,0,0,0,0,0,0,0,0,0,0,0,0,0,0,0,0,0
25.5,0,0,0,0,0,0,0,0,0,0,0,0,0,0,0,0,0,0,0,0,0,0,0,0,0,0,0,0,0,0,0,0,0
26.5,0,0,0,0,0,0,0,0,0,0,0,0,0,0,0,0,0,0,0,0,0,0,0,0,0,0,0,0,0,0,0,0,0
27.5,0,0,0,0,0,0,0,0,0,0,0,0,0,0,0,0,0,0,0,0,0,0,0,0,0,0,0,0,0,0,0,0,0
28.5,0,0,0,0,0,0,0,0,0,0,0,0,0,0,0,0,0,0,0,0,0,0,0,0,0,0,0,0,0,0,0,0,0
29.5,0,0,0,0,0,0,0,0,0,0,0,0,0,0,0,0,0,0,0,0,0,0,0,0,0,0,0,0,0,0,0,0,0
30.5,0,0,0,0,0,0,0,0,0,0,0,0,0,0,0,0,0,0,0,0,0,0,0,0,0,0,0,0,0,0,0,0,0
31.5,0,0,0,0,0,0,0,0,0,0,0,0,0,0,0,0,0,0,0,0,0,0,0,0,0,0,0,0,0,0,0,0,0
32.5,0,0,0,0,0,0,0,0,0,0,0,0,0,0,0,0,0,0,0,0,0,0,0,0,0,0,0,0,0,0,0,0,0
33.5,0,0,0,0,0,0,0,0,0,0,0,0,0,0,0,0,0,0,0,0,0,0,0,0,0,0,0,0,0,0,0,0,0
34.5,0,0,0,0,0,0,0,0,0,0,0,0,0,0,0,0,0,0,0,0,0,0,0,0,0,0,0,0,0,0,0,0,0
35.5,0,0,0,0,0,0,0,0,0,0,0,0,0,0,0,0,0,0,0,0,0,0,0,0,0,0,0,0,0,0,0,0,0
36.5,0,0,0,0,0,0,3,0,0,0,0,0,0,0,0,0,0,0,0,0,0,0,0,0,0,0,0,0,0,0,0,0,0
37.5,0,0,0,0,0,0,13,0,0,0,0,0,0,0,0,0,0,0,0,0,0,0,0,0,0,0,0,0,0,0,0,0,0
38.5,0,0,0,0,0,0,43,0,0,0,0,0,0,0,0,0,0,0,0,0,0,0,0,0,0,0,0,0,0,0,0,0,0
39.5,0,0,0,0,0,0,124,0,0,0,0,0,0,0,0,0,0,0,0,0,0,0,0,0,0,0,0,0,0,0,0,0,0
40.5,0,0,0,0,0,0,319,0,0,0,0,0,0,0,0,0,0,0,0,0,0,0,0,0,0,0,0,0,0,0,0,0,0
41.5,0,0,0,0,0,0,729,0,0,0,0,0,0,0,0,0,0,0,0,0,0,0,0,0,0,0,0,0,0,0,0,0,0
42.5,0,0,0,0,0,0,1489,0,0,0,0,0,0,0,0,0,0,0,0,0,0,0,0,0,0,0,0,0,0,0,0,0,0
43.5,0,0,0,0,0,0,2734,0,0,0,0,0,0,0,0,0,0,0,0,0,0,0,0,0,0,0,0,0,0,0,0,0,0
44.5,0,0,0,0,0,0,4533,0,0,0,0,0,0,0,0,0,0,0,0,0,0,0,0,0,0,0,0,0,0,0,0,0,0
45.5,0,0,0,0,0,0,6833,0,0,0,0,0,0,0,0,0,0,0,0,0,0,0,0,0,0,0,0,0,0,0,0,0,0
46.5,0,0,0,0,0,0,9427,0,0,0,0,0,0,0,0,0,0,0,0,0,0,0,0,0,0,0,0,0,0,1,0,0,1
47.5,0,0,0,0,0,0,11993,0,0,0,0,0,0,0,0,0,0,0,0,0,0,0,0,0,0,0,0,0,0,1,0,0,5
48.5,0,0,0,0,0,0,14175,0,2,0,0,0,0,0,0,0,0,0,0,0,0,0,0,0,0,0,0,0,0,1,0,0,15
49.5,0,0,0,0,0,0,15692,0,3,0,0,0,0,0,0,0,0,0,0,0,0,0,0,0,0,0,0,0,0,2,0,2,42
50.5,0,0,0,0,0,0,16405,0,6,0,0,0,0,0,0,0,0,0,0,1,0,0,0,0,0,0,0,0,0,2,0,9,101
51.5,0,0,0,0,0,0,16337,0,10,0,0,0,0,0,0,0,0,0,0,3,0,0,0,0,0,0,0,0,0,2,0,40,217
52.5,0,0,0,0,0,0,15633,0,16,0,0,0,0,0,0,0,0,0,0,5,0,0,0,0,0,0,0,0,0,2,0,147,419
53.5,0,0,0,0,0,0,14505,0,24,0,0,0,0,0,0,0,0,0,0,11,0,0,0,0,0,0,0,0,0,2,0,471,734
54.5,0,0,0,0,0,0,13166,0,37,0,0,0,0,0,0,0,0,0,0,22,0,0,0,0,0,0,0,0,0,3,0,1314,1181
55.5,0,0,0,0,0,0,11798,0,56,0,0,0,0,0,0,0,0,0,0,41,0,0,0,0,0,0,0,0,0,4,0,3207,1762
56.5,0,0,0,0,0,0,10529,0,85,1,0,0,0,0,0,0,0,0,0,74,0,0,0,0,0,0,0,0,0,5,0,6888,2466
57.5,0,0,0,0,0,0,9439,0,127,4,0,0,0,0,0,0,0,0,0,129,0,0,0,0,0,0,0,0,0,7,0,13114,3274
58.5,0,0,0,0,0,1,8571,0,190,10,0,0,0,0,0,0,0,0,0,222,0,0,0,0,0,0,0,0,0,10,0,22322,4165
59.5,0,0,0,0,0,2,7944,0,287,27,0,0,0,0,0,0,0,0,0,374,0,4,0,0,0,0,0,0,0,15,0,34290,5128
60.5,0,0,0,0,0,4,7566,0,436,66,0,0,0,0,0,0,0,0,0,619,0,30,0,0,0,0,0,0,0,23,0,48034,6166
61.5,0,0,0,0,0,7,7449,0,670,156,0,1,0,0,0,0,0,0,0,1012,0,180,0,0,0,0,0,0,0,39,0,62040,7300
62.5,0,0,0,0,0,12,7617,0,1038,358,0,3,0,0,1,0,0,0,0,1640,0,836,0,0,0,0,0,0,0,68,0,74747,8572
63.5,0,1,0,0,0,21,8117,0,1619,786,0,6,0,0,11,0,0,0,0,2637,0,3088,0,0,0,0,0,0,0,123,0,85022,10045
64.5,0,2,0,0,0,35,9031,1,2541,1656,0,13,0,0,99,0,0,0,0,4210,0,9192,0,0,0,0,0,0,0,227,0,92408,11808
65.5,0,5,0,0,0,59,10491,7,3999,3342,0,27,0,0,728,0,0,0,0,6676,0,22441,0,0,0,0,0,0,0,426,0,97117,13980
66.5,0,12,0,0,0,101,12708,30,6295,6455,0,57,0,0,4306,0,0,0,0,10510,0,45827,0,0,0,0,0,0,0,802,0,99823,16722
67.5,2,27,0,0,0,178,16005,117,9882,11924,0,119,2,0,19882,0,0,0,0,16409,0,79940,0,0,0,0,0,0,0,1503,0,101418,20253
68.5,6,63,0,0,0,318,20870,391,15426,21082,2,249,6,0,69974,2,0,0,0,25375,0,121759,0,0,0,1,0,3,0,2776,0,102818,24872
69.5,14,152,0,0,0,580,28029,1121,23891,35707,11,516,20,0,185104,10,0,0,0,38805,0,165576,0,0,0,5,0,7,5,5013,0,104866,30992
70.5,35,370,0,0,0,1074,38539,2777,36634,58040,71,1058,66,0,366752,52,0,0,0,58595,0,205500,0,2,0,21,0,20,23,8800,0,108320,39187
71.5,85,902,0,0,0,2015,53913,6018,55528,90745,380,2145,201,0,548428,235,0,0,0,87241,0,237786,0,10,0,76,0,51,97,14947,0,113887,50254
72.5,201,2174,0,0,0,3803,76253,11562,83113,136844,1699,4282,565,0,630532,900,0,0,0,127927,0,261731,0,49,0,256,2,130,355,24501,0,122299,65304
73.5,459,5137,0,2,0,7175,108390,20039,122760,199651,6393,8395,1463,0,573546,2908,0,0,0,184590,0,279184,0,223,0,801,8,319,1131,38716,0,134400,85879
74.5,1014,11781,0,10,0,13434,154013,31939,178867,282726,20326,16121,3485,0,428479,7950,0,0,2,261954,1,293459,0,903,0,2308,25,759,3167,59004,0,151235,114109
75.5,2171,26010,0,41,3,24795,217737,47745,257064,389894,55070,30245,7668,0,274788,18547,0,0,9,365518,6,308430,5,3255,0,6093,78,1747,7845,86873,0,174163,152917
76.5,4499,54900,5,153,16,44820,305109,68239,364416,525318,128651,55295,15663,0,158841,37420,0,0,36,501501,28,328116,31,10452,0,14708,227,3880,17379,123896,0,204982,206268
77.5,9041,110207,24,526,78,78896,422504,94906,509590,693627,262926,98303,29882,0,87065,66378,4,0,136,676717,111,356764,186,29957,0,32495,633,8304,34866,171720,1,246082,279472
78.5,17657,209678,104,1671,333,134607,576932,130389,702908,900077,477744,169612,53623,1,47562,105487,15,0,476,898382,418,399307,968,76899,4,65879,1685,17112,64197,232130,5,300637,379518
79.5,33594,377431,413,4926,1239,221796,775729,179069,956230,1150697,784991,283586,91172,8,27115,153220,56,0,1544,1173824,1473,462123,4389,177676,19,123108,4277,33927,109927,307161,20,372843,515417
80.5,62408,642721,1503,13478,4008,352085,1026180,247861,1282530,1452388,1186237,458904,147898,38,16786,207556,206,0,4646,1510066,4838,554079,17334,371769,92,213283,10325,64689,177264,399204,84,468212,698487
81.5,113411,1036786,5010,34260,11370,537720,1335062,347363,1695063,1812923,1675220,718134,230368,162,11642,267331,706,0,12984,1913281,14782,687918,59702,709357,401,344926,23671,118598,272238,511102,347,593913,942492
82.5,201848,1588332,15310,80947,28552,789807,1708126,493426,2206019,2240790,2243192,1086246,346439,624,9244,333196,2266,0,33789,2388100,41880,882031,179752,1243512,1590,524597,51418,209099,402019,646181,1355,759163,1263503
83.5,351975,2318836,42923,177924,64189,1116242,2149504,709081,2824653,2744834,2883973,1587949,505261,2140,8497,408012,6761,0,82047,2936807,109705,1162560,474787,2018280,5674,756108,105625,354654,575272,808196,4966,975611,1679301
84.5,601022,3239065,110514,364144,130747,1519827,2661045,1026445,3554970,3333618,3596591,2243971,717101,6607,9053,496930,18706,0,186227,3558474,264966,1565528,1105395,3056360,18150,1040581,204860,578983,802379,1001164,16912,1257649,2208155
85.5,1003586,4347620,261614,694707,244272,1997065,3241582,1487749,4393227,4014480,4385032,3066782,992850,18465,11094,607454,47919,3,395570,4248137,588713,2138205,2281522,4350678,51990,1377165,374712,910349,1095367,1229082,53006,1622512,2866801
86.5,1635190,5631450,570216,1237100,423595,2537963,3886199,2143996,5325713,4792241,5255727,4056519,1343132,46996,15405,749711,113618,25,786815,4996141,1201227,2938283,4202288,5862492,133498,1764016,646027,1379496,1467392,1495519,151831,2089971,3667592
87.5,2592610,7067508,1146163,2059605,689378,3126861,4585563,3049257,6327333,5667609,6213647,5197986,1776994,109495,23758,936925,249512,166,1465689,5787786,2248720,4028762,6957401,7525978,308219,2199078,1049930,2015990,1931658,1803105,395376,2681356,4614943
88.5,3987483,8624511,2128416,3211917,1063291,3744059,5325498,4248886,7361607,6635378,7257731,6459482,2300232,234624,39754,1185990,508195,958,2556324,6603412,3861786,5466380,10433769,9256980,642792,2680386,1609768,2842968,2499717,2152969,932861,3417620,5701500
89.5,5929573,10264032,3658634,4702117,1567308,4367806,6086938,5761558,8382460,7682627,8376317,7793876,2913603,464288,70422,1517860,961769,4728,4172517,7419001,6089001,7282642,14285455,10962989,1217789,3205813,2331771,3870775,3179206,2544176,1991115,4316198,6904755
90.5,8497871,11940726,5833930,6477933,2222687,4976244,6846421,7558355,9337902,8787245,9543300,9141874,3611233,851620,128901,1957396,1694991,19921,6371002,8207319,8830874,9459659,17998562,12552010,2109211,3772343,3197595,5090468,3971244,2973273,3844751,5386627,8185059
91.5,11702421,13602092,8649656,8421117,3048073,5549003,7577215,9546011,10175211,9917159,10715980,10437043,4379618,1452840,238352,2532172,2788401,71704,9098792,8939541,11814035,11907668,21029912,13939377,3362157,4375075,4162116,6468640,4867875,3434015,6726192,6625223,9486052
92.5,15446420,15188558,11954994,10360284,4056124,6068295,8251046,11563698,10846829,11030680,11835652,11611830,5197573,2312570,436393,3269729,4292493,221131,12158603,9587217,14635380,14454948,22958008,15052625,4965855,5006173,5158261,7945280,5850090,3917353,10689531,8009664,10738182
93.5,19503809,16634778,15447161,12100795,5248458,6519527,8840279,13400602,11315929,12078296,12831744,12603726,6037293,3445514,777744,4192977,6198951,587172,15218430,10124381,16869882,16860585,23583481,15835149,6840815,5654017,6108063,9436119,6887009,4411730,15488958,9494832,11865400
94.5,23527913,17872814,18718314,13463338,6609226,6891541,9320286,14834272,11560591,13006015,13629610,13360800,6866488,4820708,1330881,5313855,8419215,1351366,17876180,10529561,18196811,18853696,22948756,16249278,8844777,6302797,6936711,10840174,7936672,4903656,20553301,11011618,12794227
95.5,27098669,18837389,21346154,14319280,8098503,7176603,9671649,15680035,11575837,13760067,14161013,13845985,7651271,6355791,2164045,6626126,10781153,2717388,19762442,10787457,18486691,20191065,21286745,16278928,10796648,6932734,7585373,12051893,8948663,5378530,25102202,12470239,13463571
96.5,29801267,19472740,22997248,14612398,9647539,7370282,9881860,15835014,11373239,14292438,14375273,14039739,8359329,7926035,3319486,8098918,13050070,4817696,20640999,10890097,17814734,20714588,18932826,15931446,12510858,7521036,8019419,12975908,9868419,5821581,28370713,13768755,13833232
97.5,31314313,19739904,23504715,14362113,11158504,7471277,9946266,15300939,10978356,14566406,14248457,13940929,8962851,9387200,4782574,9673175,14971551,7604736,20464964,10837332,16406969,20387549,16236667,15237880,13831638,8043550,8230594,13541352,10642691,6218838,29842706,14806075,13889190
98.5,31479153,19622883,22893798,13649951,12511162,7481236,9868126,14178320,10426655,14561135,13788178,13565975,9440774,10605164,6460371,11263028,16324576,10796991,19368868,10636629,14554398,19296933,13497919,14250886,14658084,8476945,8233811,13712448,11225366,6558006,29388369,15497103,13644525
99.5,30328049,19132103,21352469,12595793,13577411,7404551,9657839,12636098,9758786,14274464,13032700,12946463,9780064,11482447,8185165,12763113,16968351,13930005,17608412,10302204,12534125,17623358,10933668,13039952,14955076,8801080,8060537,13492905,11582675,6829163,27257573,15786591,13135950
100.5,28064655,18304127,19165766,11331920,14242098,7248096,9331511,10869434,9016051,13723349,12044567,12125572,9975993,11973443,9748305,14061267,16868239,16497383,15479849,9853631,10560539,15592492,8673447,11684288,14749930,9001185,7751112,12923262,11696929,7025235,23955280,15658161,12417020
101.5,25007435,17197469,16641672,9981383,14425541,7020890,8909128,9060143,8236711,12941866,10900501,11153765,10031528,12085354,10953425,15054298,16094107,18110109,13250999,9314098,8769715,13426081,6772075,10264479,14118330,9069454,7347820,12072202,11568163,7142223,20070353,15136194,11549745
102.5,21517325,15885308,14051831,8644133,14101402,6733659,8412642,7349958,7453443,11977159,9680103,10084244,9956066,11867269,11667002,15663394,14794489,18598388,11121438,8708530,7227458,11306400,5230282,8854382,13164824,9005791,6889785,11024256,11213487,7179211,16128294,14280254,10596438
103.5,17931608,14446678,11598335,7391296,13303990,6398304,7864183,5829870,6692034,10884092,8455880,8968673,9763816,11393117,11846011,15845633,13157502,18022921,9212646,8061788,5948267,9359544,4015718,7514751,12003099,8817605,6409939,9866932,10664338,7138172,12506673,13173826,9613215
104.5,14518688,12957869,9405834,6265892,12122156,6027306,7284620,4542877,5971120,9719524,7286331,7853601,9472082,10744456,11535250,15599117,11371545,16612871,7578606,7397117,4915413,7655314,3080199,6289546,10739836,8518741,5933807,8679875,9962229,7023640,9415761,11910474,8645862
105.5,11458382,11485533,7531212,5287492,10681408,5633112,6692516,3494655,5302713,8537105,6212712,6777886,9099661,9997166,10841226,14960964,9595800,14673694,6225221,6734963,4097044,6217502,2371773,5205153,9464088,8127794,5479609,7527650,9153760,6842282,6924198,10580716,7728128
106.5,8844018,10082358,5981478,4458452,9119768,5227557,6103517,2666676,4693199,7383236,5259130,5771260,8665487,9213577,9897003,13999214,7944880,12504505,5129873,6092219,3456947,5038097,1841938,4272078,8242355,7666104,5059149,6456559,8285737,6602403,5004052,9262105,6881981
107.5,6698418,8785438,4732558,3770030,7564404,4821376,5530117,2028004,4144537,6294544,4434960,4853994,8187589,8439585,8831293,12800976,6486640,10345800,4256752,5481891,2960630,4090775,1449116,3488217,7118338,7155776,4679045,5494881,7401049,6313442,3575543,8013656,6119164
108.5,4995452,7616916,3744843,3207454,6114818,4423830,4981720,1544021,3655457,5296902,3738443,4037492,7682361,7705303,7748899,11459614,5248973,8359608,3566938,4913136,2578106,3341351,1159648,2842748,6115790,6617955,4341996,4655431,6535765,5985470,2541215,6874447,5443370
109.5,3680905,6586162,2974095,2753629,4835240,4042489,4464902,1181828,3222538,4405763,3160466,3325548,7164132,7027638,6723203,10063440,4230758,6633381,3024011,4391577,2284654,2754694,947374,2319832,5242889,6071538,4047925,3939258,5717582,5628715,1807161,5865385,4852520
110.5,2689184,5692698,2378020,2391539,3755577,3683149,3983798,912962,2841084,3627448,2687877,2715960,6644971,6413533,5797526,8687495,3413064,5196286,2596535,3919807,2060536,2298611,792573,1901641,4496897,5532360,3794892,3339479,4965511,5253148,1293390,4992782,4340800
111.5,1954743,4929228,1919532,2105623,2878117,3349884,3540540,714253,2505807,2960972,2306022,2202248,6134678,5863061,4991184,7389039,2768389,4038708,2258676,3497979,1890259,1945553,680723,1570510,3868307,5012840,3579794,2844648,4290552,4868117,936867,4252536,3900297
112.5,1418678,4284333,1567853,1882393,2186593,3045198,3135684,567622,2211305,2400053,2000451,1775249,5640906,5372004,4306823,6206449,2267138,3129522,1989846,3124419,1761744,1672970,601348,1310262,3344112,4522004,3398843,2441350,3696978,4482071,690501,3634046,3522211
113.5,1031630,3744614,1298373,1710597,1654888,2770242,2768614,459376,1952396,1935011,1757919,1424467,5169363,4933807,3737009,5160730,1881515,2428898,1773962,2796178,1665546,1462946,547042,1106863,2910131,4065772,3247884,2116001,3183910,4102348,520429,3123393,3197672
114.5,754264,3296246,1091911,1581090,1253813,2525070,2437880,379362,1724312,1554393,1566840,1139119,4724058,4540972,3269242,4258606,1587425,1896497,1598625,2509525,1594204,1301518,512710,948606,2552510,3647407,3122574,1855937,2746895,3735059,402952,2705643,2918254
115.5,556389,2925983,933793,1486579,955527,2308895,2141483,320158,1522805,1246234,1417382,908857,4307562,4185987,2889304,3496248,1365063,1495937,1454375,2260327,1541736,1177936,494997,826000,2258560,3268034,3018486,1649982,2379309,3385040,321804,2366342,2676263
116.5,415486,2621741,812938,1421319,735859,2120339,1877099,276394,1344185,998955,1301341,724229,3921264,3861928,2583259,2862912,1198750,1196647,1334057,2044350,1503263,1083968,491880,731517,2017149,2927155,2931147,1488637,2073488,3055876,265989,2092347,2464878
117.5,315124,2372847,721068,1380802,575107,1957642,1642243,244208,1185315,801924,1211902,576905,3565607,3562817,2338465,2344051,1076417,974145,1232320,1857461,1474750,1013316,502373,659275,1818805,2623121,2856066,1364053,1821566,2749977,228167,1872201,2278192
118.5,243512,2170092,652056,1361469,457923,1818842,1434394,220837,1043571,645761,1143356,459755,3240297,3283805,2143975,1923704,988978,809491,1145218,1695767,1452836,961130,526333,604736,1655637,2353537,2788766,1269873,1616030,2468707,203522,1696196,2111211
119.5,192295,2005639,601424,1360441,372737,1701907,1251081,204311,916794,522437,1090827,366805,2944492,3021239,1990563,1586141,929728,688402,1069893,1555692,1434743,923642,564305,564420,1521188,2115580,2724846,1201021,1450060,2212529,188987,1556259,1959814
120.5,155606,1872869,565959,1375290,311039,1604836,1089934,193232,803220,425246,1050021,293140,2676947,2772619,1870568,1316876,893806,600324,1004324,1434017,1418228,897873,617403,535673,1410247,1906247,2660082,1153480,1317690,1981171,182741,1445760,1820708
121.5,129355,1766197,543425,1403830,266687,1525717,948717,186617,701421,348694,1017030,234772,2436147,2536488,1777669,1103182,877766,537601,947126,1327886,1401561,881417,687175,516469,1318666,1722533,2590575,1124071,1213851,1773791,183891,1359275,1691361
122.5,110714,1680877,532367,1443938,235320,1462761,825347,183780,610232,288348,988213,188500,2220409,2312257,1706642,934259,879215,494782,897377,1234800,1383517,872283,775435,505259,1243195,1561549,2512947,1110260,1134342,1589125,192298,1292367,1569934
123.5,97747,1612825,531962,1493400,213891,1414311,717901,184252,528696,240676,960140,151774,2027958,2099992,1653140,801180,896528,468090,854487,1152598,1363356,868780,884014,500841,1181338,1420603,2424547,1109982,1075749,1425635,208486,1241377,1455197
124.5,89151,1558463,541922,1549802,200320,1378826,624611,187715,456007,202887,929645,122580,1856996,1900186,1613506,696713,928602,455011,818093,1079431,1340781,869437,1014408,502268,1131226,1297233,2323652,1121482,1035348,1281619,233631,1203252,1346433
125.5,84089,1514581,562436,1610463,193242,1354860,543864,193956,391461,172793,893954,99329,1705747,1713531,1584635,615098,974644,454001,787975,1013740,1315887,872959,1167297,508770,1091516,1189234,2209623,1143184,1010998,1155311,269580,1175392,1243331
126.5,82074,1478240,594120,1672414,191827,1341015,474193,202828,334424,148685,850882,80771,1572492,1540733,1563866,551804,1033985,464265,764003,954228,1289081,878194,1341949,519694,1061305,1094649,2082972,1173572,1001027,1044953,318887,1155539,1145880
127.5,82905,1446696,637984,1732447,195655,1335903,414269,214212,284301,129228,799062,65928,1455595,1382350,1548913,503309,1105894,485599,746090,899837,1260994,884128,1535537,534456,1040059,1011766,1945323,1211100,1004124,948853,384811,1141691,1054255
128.5,86634,1417370,695399,1787218,204634,1338091,362893,227982,240521,113383,738141,54030,1353522,1238700,1537821,466903,1189409,518251,734168,849721,1232389,889877,1742498,552514,1027555,939095,1799260,1254119,1019226,865419,471217,1132034,968726
129.5,93566,1387845,768030,1833411,218938,1346052,318991,243975,202527,100336,668889,44473,1264848,1109811,1528949,440522,1283192,562808,728168,803228,1204070,894700,1954075,573338,1023831,875351,1648062,1300835,1045410,793183,582306,1124909,889568
130.5,104283,1355904,857737,1867932,238959,1358126,281601,261953,169769,89449,593154,36781,1188263,995420,1520955,422616,1385404,620061,728003,759869,1176816,897999,2158265,596399,1029145,819431,1495383,1349303,1081776,730814,722067,1118794,817004
131.5,119696,1319600,966401,1888130,265266,1372489,249871,281569,141711,80222,513658,30580,1122575,895007,1512795,412037,1493631,690855,733548,719300,1151310,899322,2340385,621161,1043939,770394,1344895,1397447,1127330,677120,893399,1112304,751163
132.5,141115,1277336,1095664,1891996,298547,1387147,223050,302338,117833,72257,433640,25572,1066705,807852,1503717,407953,1604873,775890,744627,681295,1128101,898365,2484372,647082,1068802,727439,1199980,1443124,1180877,631043,1096888,1104208,692066
133.5,170340,1227966,1246547,1878326,339548,1399953,200479,323612,97638,65244,356413,21524,1019682,733102,1493242,409777,1715601,875488,760979,645722,1107574,894960,2574800,673620,1104419,689889,1063471,1484216,1240906,591658,1329382,1093448,639620
134.5,209751,1170880,1418948,1846815,388980,1408662,181587,344568,80657,58937,284927,18248,980635,669836,1481148,417109,1821898,989321,782233,612522,1089928,889061,2599313,700241,1151513,657175,937508,1518735,1305513,558156,1582680,1079168,593636
135.5,262369,1106064,1611038,1798073,447404,1411021,165879,364217,66456,53152,221421,15597,948788,617135,1467433,429688,1919671,1116118,807871,581684,1075170,880731,2551004,726427,1210747,628817,823476,1544953,1372345,529839,1842825,1060744,553846
136.5,331844,1034107,1818628,1733556,515095,1404889,152934,381433,54636,47748,167229,13451,923445,574125,1452276,447352,2004914,1253415,837198,553232,1063109,870113,2430116,751684,1282590,604416,722048,1561510,1438600,506107,2090547,1037793,519930
137.5,422266,956170,2034613,1655423,591889,1388387,142395,395014,44841,42634,122760,11716,903985,540031,1435992,469995,2073995,1397373,869314,527208,1053352,857417,2244529,775549,1367125,583643,633275,1567506,1501095,486443,2303207,1010193,491536
138.5,537707,873881,2248696,1566342,677037,1360064,133963,403773,36755,37753,87627,10317,889850,514201,1418987,497534,2123933,1542755,903100,503656,1045310,842889,2008783,797591,1463799,566226,556728,1562563,1556397,470408,2458188,978065,468306
139.5,681368,789195,2447573,1469267,769086,1319038,127389,406648,30100,33082,60863,9194,880536,496136,1401712,529877,2152622,1683105,937229,482619,1038206,826803,1741806,817410,1571105,551946,491639,1546833,1601036,457629,2537081,941764,449889
140.5,854249,704213,2615779,1367217,865825,1265126,122469,402828,24638,28629,41173,8300,875580,485507,1384625,566885,2158982,1811162,970196,464134,1031089,809438,1463880,834629,1686234,540630,437045,1520970,1631764,447785,2529557,901838,435956
141.5,1053431,621005,2737247,1263079,964307,1198901,119037,391877,20163,24419,27157,7597,874559,482176,1368158,608350,2143008,1919485,1000383,448225,1022863,791070,1193628,848889,1804742,532145,391897,1486060,1645849,440605,2435721,858988,426202
142.5,1270265,541439,2797481,1159451,1060972,1121691,116961,373822,16503,20492,17488,7058,877075,486204,1352697,653961,2105729,2001226,1026156,434911,1012335,771963,945691,859839,1920313,526390,355159,1443518,1641344,435857,2266149,814015,420353
143.5,1489132,467052,2785984,1058532,1151869,1035495,116133,349201,13512,16891,11010,6659,882755,497873,1338555,703291,2049071,2050924,1045976,424201,998278,752363,729531,867132,2024755,523298,325866,1394974,1617308,433339,2039595,767770,418162
144.5,1687640,398974,2698424,962071,1232956,942832,116467,319047,11069,13656,6787,6385,891240,517697,1325973,755785,1975665,2065187,1058527,416098,979511,732499,549391,870419,2108347,522828,303171,1342150,1573926,432876,1779117,721099,419406
145.5,1839082,337897,2537950,871350,1300432,846532,117890,284803,9073,10815,4103,6225,902187,546436,1315107,810754,1888608,2043116,1062829,410605,955009,712578,405143,869353,2160659,524964,286366,1286755,1512504,434310,1507824,674806,423877
146.5,1917390,284100,2315208,787212,1351068,749500,120340,248175,7443,8381,2436,6172,915262,585109,1306030,867388,1791229,1986404,1058328,407724,923999,692788,293611,863600,2171839,529709,274892,1230392,1435351,437497,1245385,629612,431370
147.5,1903713,237504,2046939,710112,1382476,654494,123753,210956,6111,6351,1423,6225,930141,634993,1298738,924772,1686860,1899076,1044948,407460,886066,673297,209942,852856,2134260,537082,268346,1174491,1345543,442300,1005985,586134,441677
148.5,1792579,197748,1753437,640178,1393283,563922,128058,174835,5020,4702,819,6386,946509,697604,1293150,981914,1578654,1786941,1023090,409819,841233,654252,148752,836873,2044202,547117,266472,1120268,1246633,448584,797834,544869,454573
149.5,1595095,164279,1455460,577282,1383201,479705,133171,141234,4128,3400,465,6661,964059,774644,1289115,1037782,1469448,1656863,993580,414812,789993,635785,104918,815491,1903137,559852,269162,1068708,1142323,456209,623867,506193,469806
150.5,1337327,136429,1171337,521107,1352979,403199,138983,111197,3395,2401,261,7060,982492,867902,1286421,1091342,1361667,1515992,957584,422446,733305,618003,74017,788675,1718184,575328,276443,1020563,1036170,465029,483105,470365,487086
151.5,1053978,113484,914899,471207,1304266,335189,145357,85340,2795,1656,145,7600,1001517,979079,1284803,1141595,1257288,1371076,916492,432724,672523,600995,52482,756543,1501438,593579,288469,976370,931344,474888,372145,437537,506083
152.5,779611,94737,694544,427056,1239416,275929,152115,63869,2301,1116,79,8299,1020852,1109516,1283945,1187614,1157830,1227951,871787,445640,609286,584826,37583,719401,1268227,614621,305506,936472,830463,485610,286455,407767,526421
153.5,540767,79527,513412,388091,1161264,225237,159038,46641,1894,734,43,9183,1040219,1259806,1283492,1228575,1064387,1091232,824934,461165,545363,569538,27311,677755,1034675,638447,327911,901048,735514,497005,221296,381042,547679
154.5,351723,67257,370382,353741,1072908,182590,165860,33263,1560,473,23,10284,1059347,1429291,1283056,1263773,977665,964219,777281,479242,482502,555141,20231,632308,815196,665007,356097,870136,647845,508862,172300,357285,569403
155.5,214669,57410,261448,323447,977508,147246,172274,23191,1284,298,13,11638,1077964,1615455,1282225,1292641,898049,848960,729987,499774,422276,541621,15341,583947,620562,694202,390488,843667,568220,520948,135731,336380,591108
156.5,123137,49542,181116,296682,878133,118340,177940,15828,1056,184,7,13289,1095795,1813299,1280566,1314748,825655,746426,683986,522607,365974,528926,11954,533694,456956,725859,431448,821477,496907,533011,108564,318182,612306
157.5,66540,43289,123532,272954,777641,94967,182494,10590,868,111,4,15283,1112559,2014809,1277636,1329798,760397,656743,639967,547519,314532,516973,9604,482656,326074,759724,479190,803333,433782,544781,88442,302527,632512
158.5,33981,38350,83249,251814,678596,76253,185576,6959,713,66,2,17672,1127963,2208723,1272990,1337617,702035,579430,598388,574208,268515,505643,7978,431953,226038,795437,533662,788934,378442,555974,73575,289245,651273
159.5,16466,34485,55641,232860,583218,61388,186849,4499,585,38,0,20509,1141696,2380806,1266188,1338147,650228,513615,559491,602275,228139,494777,6867,382650,152689,832525,594409,777929,330297,566296,62634,278165,668181
160.5,7606,31503,37027,215734,493351,49656,186030,2867,479,22,0,23843,1153431,2514852,1256805,1331424,604568,458220,523340,631220,193326,484182,6135,335688,100876,870387,660433,769910,288655,575453,54647,269119,682892
161.5,3369,29257,24633,200122,410445,40444,182921,1806,392,12,0,27717,1162818,2594486,1244438,1317573,564615,412088,489847,660434,163779,473632,5694,291839,65456,908289,730063,764417,252787,583153,48915,261945,695136
162.5,1439,27632,16451,185756,335549,33238,177432,1126,320,7,0,32158,1169487,2605663,1228724,1296793,529920,374086,458812,689205,139049,462868,5491,251664,41910,945370,800877,760937,221971,589121,44939,256489,704722
163.5,597,26544,11075,172410,269316,27618,169598,697,261,4,0,37170,1173052,2539453,1209340,1269351,500038,343159,429951,716722,118611,451611,5500,215511,26613,980648,869696,758900,195524,593104,42371,252605,711542
164.5,242,25933,7547,159899,212014,23246,159591,430,212,2,0,42729,1173118,2394480,1186028,1235582,474544,318361,402927,742102,101916,439572,5715,183522,16851,1013048,932706,757678,172819,594880,40977,250151,715558
165.5,97,25756,5227,148077,163554,19857,147709,264,172,1,0,48766,1169289,2178251,1158599,1195886,453039,298869,377375,764408,88436,426462,6152,155654,10699,1041439,985705,756592,153296,594271,40606,248989,716799
166.5,39,25991,3693,136836,123530,17240,134360,162,140,0,0,55169,1161189,1906797,1126948,1150728,435150,283982,352924,782698,77685,412016,6843,131723,6851,1064680,1024490,754917,136461,591144,41171,248985,715344
167.5,15,26625,2673,126101,91276,15236,120031,100,113,0,0,61769,1148470,1602461,1091068,1100646,420531,273107,329227,796061,69242,396011,7847,111438,4450,1081680,1045343,751899,121888,585421,42634,249999,711305
168.5,6,27660,1988,115830,65940,13721,105246,62,91,0,0,68349,1130843,1290234,1051058,1046243,408865,265750,305974,803672,62754,378286,9245,94444,2949,1091461,1045533,746777,109212,577079,45001,251892,704817
169.5,3,29105,1525,106005,46553,12603,90527,39,73,0,0,74642,1108092,993562,1007131,988197,399851,261491,282921,804843,57937,358766,11152,80358,2004,1093229,1023762,738812,98126,566156,48302,254517,696016
170.5,1,30978,1209,96630,32112,11815,76353,24,59,0,0,80351,1080103,730738,959617,927243,393209,259971,259903,799071,54573,337481,13725,68798,1405,1086432,980436,727325,88369,552743,52596,257719,685033
171.5,0,33302,994,87723,21643,11308,63123,15,47,0,0,85163,1046878,512767,908957,864175,388665,260866,236850,786081,52510,314572,17163,59399,1020,1070810,917703,711737,79728,536985,57952,261336,671984
172.5,0,36099,848,79311,14259,11050,51138,10,38,0,0,88779,1008559,343071,855701,799819,385949,263873,213795,765855,51654,290298,21718,51833,771,1046431,839233,691617,72026,519075,64447,265196,656965
173.5,0,39393,754,71426,9190,11021,40591,7,30,0,0,90941,965431,218794,800486,735023,384787,268684,190874,738648,51973,265025,27698,45812,608,1013698,749767,666716,65118,499245,72153,269121,640052
174.5,0,43200,697,64095,5800,11214,31563,4,24,0,0,91460,917931,133025,744018,670625,384894,274975,168312,704979,53488,239205,35451,41095,503,973337,654532,637005,58888,477756,81125,272929,621301
175.5,0,47526,672,57341,3590,11631,24043,3,19,0,0,90240,866639,77146,687046,607432,385968,282384,146405,665618,56285,213346,45355,37480,437,926357,558627,602693,53243,454893,91384,276436,600760
176.5,0,52357,675,51177,2184,12284,17942,2,15,0,0,87292,812262,42715,630331,546194,387685,290506,125485,621536,60510,187972,57768,34813,400,873989,466500,564230,48110,430952,102907,279461,578470
177.5,0,57658,706,45606,1308,13194,13118,1,12,0,0,82741,755610,22612,574614,487574,389702,298886,105885,573862,66381,163588,72972,32975,385,817613,381585,522294,43432,406234,115612,281833,554486
178.5,0,63365,769,40619,774,14390,9400,1,9,0,0,76811,697564,11464,520586,432138,391651,307021,87902,523815,74189,140641,91086,31885,391,758673,306144,477752,39163,381032,129345,283395,528878
179.5,0,69376,871,36199,454,15912,6602,0,7,0,0,69809,639036,5579,468861,380328,393150,314373,71768,472636,84306,119486,111961,31496,418,698597,241293,431607,35269,355629,143877,284010,501751
180.5,0,75552,1022,32319,265,17807,4547,0,6,0,0,62095,580932,2613,419956,332467,393805,320394,57623,421528,97186,100375,135084,31796,470,638723,187169,384937,31722,330289,158903,283569,473249
181.5,0,81713,1241,28947,154,20130,3072,0,5,0,0,54044,524108,1181,374272,288747,393230,324553,45510,371593,113355,83443,159501,32802,554,580239,143175,338817,28498,305254,174053,281989,443566
182.5,0,87644,1555,26044,90,22945,2037,0,4,0,0,46018,469338,517,332092,249242,391059,326373,35378,323789,133392,68720,183802,34571,684,524141,108240,294256,25580,280739,188908,279222,412946
183.5,0,93102,2003,23574,53,26319,1326,0,3,0,0,38330,417283,220,293580,213917,386967,325475,27095,278895,157880,56139,206195,37191,882,471210,81059,252131,22949,256931,203028,275257,381684
184.5,0,97827,2644,21497,32,30322,848,0,2,0,0,31231,368473,91,258787,182641,380690,321607,20471,237493,187336,45562,224679,40794,1181,422008,60279,213148,20588,233991,215978,270113,350117
185.5,0,101561,3562,19777,19,35022,533,0,2,0,0,24894,323295,37,227667,155208,372045,314676,15284,199967,222096,36801,237312,45553,1638,376889,44624,177806,18482,212050,227361,263844,318616
186.5,0,104068,4878,18383,12,40476,330,0,1,0,0,19412,281993,15,200092,131358,360948,304756,11299,166514,262171,29641,242529,51690,2340,336018,32971,146398,16613,191211,236847,256535,287566
187.5,0,105155,6760,17285,8,46728,201,0,1,0,0,14812,244672,6,175870,110790,347422,292091,8290,137159,307062,23855,239443,59471,3429,299408,24375,119019,14967,171553,244196,248291,257353
188.5,0,104694,9440,16461,5,53796,121,0,0,0,0,11062,211320,2,154764,93185,331606,277068,6053,111788,355589,19227,228049,69205,5125,266943,18078,95589,13525,153129,249272,239240,228341
189.5,0,102632,13220,15893,4,61666,71,0,0,0,0,8087,181819,0,136513,78217,313746,260188,4412,90177,405738,15557,209271,81232,7776,238418,13485,75888,12273,135973,252047,229523,200856
190.5,0,99005,18483,15571,3,70278,42,0,0,0,0,5790,155973,0,120842,65567,294184,242019,3220,72023,454623,12665,184839,95893,11908,213569,10140,59600,11193,120098,252595,219285,175169
191.5,0,93938,25682,15492,2,79526,24,0,0,0,0,4061,133524,0,107477,54934,273334,223149,2361,56974,498590,10400,156996,113493,18309,192093,7705,46344,10272,105499,251084,208676,151488
192.5,0,87632,35304,15659,2,89246,14,0,0,0,0,2791,114181,0,96156,46035,251661,204143,1745,44658,533531,8635,128134,134233,28114,173678,5929,35715,9496,92159,247749,197842,129948
193.5,1,80352,47803,16084,1,99221,8,0,0,0,0,1881,97632,0,86636,38617,229643,185509,1305,34698,555406,7265,100425,158128,42888,158015,4630,27307,8851,80044,242875,186917,110610
194.5,3,72406,63486,16791,1,109181,4,0,0,0,0,1243,83561,0,78693,32451,207749,167667,992,26736,560898,6208,75542,184905,64665,144809,3675,20739,8327,69113,236773,176030,93471
195.5,6,64112,82363,17810,1,118815,2,0,0,0,0,807,71665,0,72131,27337,186407,150941,768,20440,548093,5398,54514,213897,95895,133789,2971,15667,7916,59313,229758,165290,78465
196.5,12,55781,103985,19187,1,127790,1,0,0,0,0,514,61655,0,66779,23104,165986,135556,609,15513,517000,4785,37727,243962,139200,124713,2449,11787,7610,50586,222136,154796,65478
197.5,27,47693,127303,20980,1,135765,0,0,0,0,0,322,53267,0,62490,19603,146783,121643,495,11693,469738,4331,25031,273448,196899,117369,2061,8846,7404,42867,214186,144627,54360
198.5,58,40077,150634,23263,1,142418,0,0,0,0,0,198,46264,0,59141,16709,129011,109257,414,8759,410312,4008,15918,300248,270237,111577,1772,6633,7296,36087,206155,134850,44938
199.5,127,33106,171764,26130,2,147470,0,0,0,0,0,120,40437,0,56633,14316,112807,98386,358,6523,343978,3795,9701,321973,358424,107184,1558,4976,7286,30174,198254,125514,37026
200.5,270,26891,188244,29693,2,150703,0,0,0,0,0,72,35605,0,54887,12337,98232,88976,321,4833,276357,3679,5665,336233,457679,104070,1402,3742,7376,25056,190653,116655,30437
201.5,562,21485,197830,34084,3,151981,0,0,0,0,0,42,31611,0,53839,10698,85285,80941,298,3565,212520,3654,3169,341017,560684,102135,1290,2825,7573,20659,183487,108297,24989
202.5,1140,16891,198978,39459,5,151257,0,0,0,0,0,24,28323,0,53443,9339,73911,74179,287,2619,156274,3716,1698,335082,656841,101307,1216,2146,7885,16910,176858,100454,20512
203.5,2243,13074,191238,45990,8,148576,0,0,0,0,0,14,25632,0,53668,8211,64022,68583,289,1918,109798,3868,872,318263,733663,101533,1171,1642,8326,13740,170836,93127,16853
204.5,4261,9966,175416,53861,12,144070,0,0,0,0,0,8,23445,0,54489,7273,55499,64050,302,1400,73669,4118,429,291614,779196,102774,1155,1268,8914,11080,165469,86313,13874
205.5,7787,7487,153436,63260,21,137946,0,0,0,0,0,4,21687,0,55891,6492,48215,60484,328,1020,47184,4478,202,257311,784943,105008,1163,990,9673,8868,160784,80001,11457
206.5,13654,5546,127921,74361,37,130467,0,0,0,0,0,2,20299,0,57862,5841,42033,57800,372,742,28846,4966,91,218316,748348,108219,1196,782,10632,7043,156790,74175,9499
207.5,22912,4053,101640,87301,67,121933,0,0,0,0,0,1,19232,0,60388,5297,36822,55931,438,539,16833,5607,39,177895,673871,112397,1255,627,11828,5550,153484,68817,7916
208.5,36718,2924,76984,102149,125,112660,0,0,0,0,0,0,18447,0,63448,4843,32458,54819,535,392,9378,6431,16,139086,572120,117528,1341,511,13307,4340,150855,63905,6637
209.5,56101,2084,55618,118873,236,102956,0,0,0,0,0,0,17917,0,67009,4463,28825,54422,677,285,4990,7475,6,104268,457250,123590,1460,423,15124,3367,148880,59414,5602
210.5,81619,1468,38363,137300,448,93112,0,0,0,0,0,0,17621,0,71016,4147,25822,54709,885,207,2538,8783,2,74921,343545,130546,1615,357,17344,2592,147532,55322,4764
211.5,112965,1023,25296,157075,854,83380,0,0,0,0,0,0,17545,0,75388,3883,23362,55657,1193,151,1234,10403,0,51592,242363,138330,1813,307,20042,1980,146777,51602,4085
212.5,148652,705,15970,177640,1615,73973,0,0,0,0,0,0,17682,0,80005,3665,21368,57248,1648,110,575,12386,0,34054,160386,146843,2063,270,23306,1501,146575,48232,3532
213.5,185935,482,9672,198221,3013,65057,0,0,0,0,0,0,18030,0,84705,3485,19777,59464,2328,81,256,14777,0,21554,99477,155943,2376,242,27229,1129,146878,45187,3083
214.5,221069,326,5631,217843,5499,56751,0,0,0,0,0,0,18593,0,89281,3337,18539,62275,3346,59,110,17615,0,13092,57788,165434,2765,222,31911,843,147634,42445,2715
215.5,249915,219,3159,235386,9758,49134,0,0,0,0,0,0,19378,0,93481,3219,17612,65635,4873,44,45,20913,0,7637,31426,175063,3247,208,37453,625,148780,39983,2413
216.5,268768,146,1712,249667,16712,42242,0,0,0,0,0,0,20398,0,97013,3125,16967,69469,7155,32,18,24653,0,4285,15991,184516,3841,200,43944,460,150244,37783,2165
217.5,275168,97,899,259562,27447,36085,0,0,0,0,0,0,21669,0,99568,3052,16582,73658,10540,24,7,28769,0,2315,7613,193422,4571,196,51455,336,151947,35824,1961
218.5,268438,64,459,264134,42954,30644,0,0,0,0,0,0,23213,0,100838,2999,16444,78031,15497,18,2,33134,0,1206,3390,201365,5465,196,60020,244,153794,34090,1791
219.5,249787,42,229,262767,63676,25883,0,0,0,0,0,0,25053,0,100552,2962,16547,82350,22625,13,0,37553,0,608,1412,207898,6554,201,69621,176,155683,32565,1649
220.5,221966,27,111,255267,88907,21755,0,0,0,0,0,0,27214,0,98511,2940,16896,86308,32631,10,0,41766,0,296,550,212573,7875,211,80165,126,157499,31234,1531
221.5,188605,18,53,241920,116307,18204,0,0,0,0,0,0,29725,0,94625,2932,17502,89536,46252,8,0,45461,0,140,201,214972,9466,226,91470,90,159118,30084,1431
222.5,153447,11,25,223476,141851,15171,0,0,0,0,0,0,32614,0,88936,2935,18383,91622,64105,6,0,48301,0,65,68,214745,11371,247,103247,64,160411,29104,1345
223.5,119706,7,12,201077,160559,12596,0,0,0,0,0,0,35909,0,81634,2948,19568,92153,86450,5,0,49973,0,29,22,211645,13634,275,115095,45,161244,28284,1271
224.5,89671,5,5,176121,167954,10422,0,0,0,0,0,0,39635,0,73047,2970,21094,90768,112895,4,0,50232,0,13,7,205565,16301,311,126509,31,161483,27614,1207
225.5,64597,3,2,150101,161744,8596,0,0,0,0,0,0,43811,0,63611,3000,23008,87224,142105,3,0,48949,0,6,2,196555,19416,359,136900,22,161006,27088,1149
226.5,44815,2,1,124433,142901,7069,0,0,0,0,0,0,48450,0,53825,3037,25366,81467,171653,2,0,46150,0,2,0,184840,23016,419,145635,15,159699,26698,1095
227.5,29986,1,0,100321,115463,5797,0,0,0,0,0,0,53554,0,44191,3078,28237,73675,198146,2,0,42021,0,0,0,170803,27134,498,152095,11,157475,26440,1045
228.5,19377,0,0,78653,85081,4741,0,0,0,0,0,0,59114,0,35158,3124,31697,64271,217717,1,0,36889,0,0,0,154964,31791,598,155734,7,154269,26308,996
229.5,12110,0,0,59970,57032,3867,0,0,0,0,0,0,65102,0,27074,3174,35833,53881,226868,1,0,31175,0,0,0,137941,36991,726,156156,5,150053,26299,947
230.5,7329,0,0,44477,34703,3146,0,0,0,0,0,0,71474,0,20159,3224,40737,43250,223427,0,0,25327,0,0,0,120396,42724,890,153165,3,144834,26411,898
231.5,4300,0,0,32095,19131,2553,0,0,0,0,0,0,78167,0,14503,3276,46503,33120,207302,0,0,19756,0,0,0,102978,48958,1099,146811,2,138661,26640,847
232.5,2449,0,0,22544,9540,2065,0,0,0,0,0,0,85094,0,10073,3326,53222,24112,180685,0,0,14780,0,0,0,86278,55639,1366,137396,2,131619,26985,793
233.5,1355,0,0,15422,4298,1666,0,0,0,0,0,0,92152,0,6752,3375,60970,16632,147554,0,0,10595,0,0,0,70782,62689,1704,125451,1,123830,27443,737
234.5,729,0,0,10281,1747,1340,0,0,0,0,0,0,99214,0,4365,3421,69799,10834,112634,0,0,7271,0,0,0,56844,70008,2133,111679,0,115446,28013,679
235.5,382,0,0,6684,640,1074,0,0,0,0,0,0,106140,0,2722,3462,79719,6643,80199,0,0,4774,0,0,0,44680,77477,2674,96881,0,106638,28693,619
236.5,195,0,0,4242,211,858,0,0,0,0,0,0,112780,0,1637,3498,90684,3824,53169,0,0,2997,0,0,0,34368,84957,3351,81865,0,97591,29479,557
237.5,97,0,0,2630,63,683,0,0,0,0,0,0,118976,0,949,3528,102573,2060,32768,0,0,1799,0,0,0,25870,92299,4194,67364,0,88490,30369,495
238.5,47,0,0,1595,17,541,0,0,0,0,0,0,124573,0,531,3550,115172,1036,18749,0,0,1031,0,0,0,19058,99346,5232,53970,0,79512,31356,433
239.5,22,0,0,947,4,427,0,0,0,0,0,0,129422,0,287,3564,128163,485,9949,0,0,565,0,0,0,13742,105943,6501,42099,0,70817,32435,373
240.5,10,0,0,551,0,335,0,0,0,0,0,0,133394,0,150,3569,141119,211,4891,0,0,295,0,0,0,9701,111939,8033,31975,0,62541,33596,316
241.5,5,0,0,315,0,262,0,0,0,0,0,0,136379,1,75,3564,153508,85,2227,0,0,147,0,0,0,6707,117199,9862,23654,0,54791,34829,263
242.5,2,0,0,177,0,203,0,0,0,0,0,0,138296,2,37,3550,164716,32,938,0,0,70,0,0,0,4542,121604,12015,17048,0,47646,36119,214
243.5,0,0,0,98,0,157,0,0,0,0,0,0,139099,4,17,3526,174085,11,366,0,0,32,0,0,0,3015,125060,14512,11978,0,41151,37450,171
244.5,0,0,0,53,0,121,0,0,0,0,0,0,138773,7,8,3491,180964,3,132,0,0,14,0,0,0,1963,127501,17362,8210,0,35327,38801,134
245.5,0,0,0,29,0,92,0,0,0,0,0,0,137338,12,4,3447,184772,1,44,0,0,6,0,0,0,1254,128887,20557,5493,0,30169,40148,102
246.5,0,0,0,15,0,70,0,0,0,0,0,0,134849,20,2,3394,185069,0,14,0,0,2,0,0,0,787,129208,24073,3591,0,25653,41465,76
247.5,0,0,0,8,0,52,0,0,0,0,0,0,131388,34,0,3331,181613,0,4,0,0,0,0,0,0,485,128484,27860,2297,0,21741,42720,56
248.5,0,0,0,4,0,39,0,0,0,0,0,0,127060,56,0,3260,174411,0,1,0,0,0,0,0,0,294,126758,31849,1439,0,18383,43881,40
249.5,0,0,0,2,0,29,0,0,0,0,0,0,121990,91,0,3182,163734,0,0,0,0,0,0,0,0,175,124096,35946,884,0,15526,44912,28
250.5,0,0,0,1,0,21,0,0,0,0,0,0,116313,147,0,3097,150108,0,0,0,0,0,0,0,0,103,120584,40035,534,0,13113,45777,19
251.5,0,0,0,0,0,15,0,0,0,0,0,0,110169,234,0,3005,134261,0,0,0,0,0,0,0,0,60,116320,43989,317,0,11087,46440,12
252.5,0,0,0,0,0,11,0,0,0,0,0,0,103697,369,0,2909,117058,0,0,0,0,0,0,0,0,34,111413,47668,186,0,9398,46865,8
253.5,0,0,0,0,0,8,0,0,0,0,0,0,97031,574,0,2809,99405,0,0,0,0,0,0,0,0,19,105978,50934,107,0,7995,47022,5
254.5,0,0,0,0,0,6,0,0,0,0,0,0,90293,883,0,2706,82159,0,0,0,0,0,0,0,0,11,100131,53655,62,0,6834,46882,3
255.5,0,0,0,0,0,4,0,0,0,0,0,0,83592,1337,0,2601,66047,0,0,0,0,0,0,0,0,6,93985,55722,35,0,5878,46427,2
256.5,0,0,0,0,0,3,0,0,0,0,0,0,77021,1998,0,2495,51612,0,0,0,0,0,0,0,0,3,87650,57048,20,0,5093,45642,0
257.5,0,0,0,0,0,2,0,0,0,0,0,0,70658,2940,0,2389,39184,0,0,0,0,0,0,0,0,2,81227,57580,11,0,4451,44523,0
258.5,0,0,0,0,0,1,0,0,0,0,0,0,64564,4259,0,2283,28890,0,0,0,0,0,0,0,0,0,74809,57302,6,0,3928,43078,0
259.5,0,0,0,0,0,0,0,0,0,0,0,0,58783,6071,0,2179,20677,0,0,0,0,0,0,0,0,0,68478,56235,4,0,3503,41323,0
260.5,0,0,0,0,0,0,0,0,0,0,0,0,53348,8512,0,2076,14361,0,0,0,0,0,0,0,0,0,62307,54436,2,0,3162,39284,0
261.5,0,0,0,0,0,0,0,0,0,0,0,0,48277,11731,0,1977,9677,0,0,0,0,0,0,0,0,0,56356,51989,1,0,2891,36997,0
262.5,0,0,0,0,0,0,0,0,0,0,0,0,43577,15884,0,1880,6326,0,0,0,0,0,0,0,0,0,50674,49003,0,0,2679,34505,0
263.5,0,0,0,0,0,0,0,0,0,0,0,0,39247,21118,0,1787,4010,0,0,0,0,0,0,0,0,0,45299,45601,0,0,2519,31860,0
264.5,0,0,0,0,0,0,0,0,0,0,0,0,35278,27558,0,1698,2465,0,0,0,0,0,0,0,0,0,40260,41913,0,0,2404,29115,0
265.5,0,0,0,0,0,0,0,0,0,0,0,0,31657,35277,0,1612,1470,0,0,0,0,0,0,0,0,0,35576,38067,0,0,2330,26325,0
266.5,0,0,0,0,0,0,0,0,0,0,0,0,28366,44280,0,1531,850,0,0,0,0,0,0,0,0,0,31257,34179,0,0,2296,23545,0
267.5,0,0,0,0,0,0,0,0,0,0,0,0,25384,54474,0,1455,477,0,0,0,0,0,0,0,0,0,27306,30355,0,0,2299,20826,0
268.5,0,0,0,0,0,0,0,0,0,0,0,0,22690,65653,0,1382,259,0,0,0,0,0,0,0,0,0,23719,26681,0,0,2341,18214,0
269.5,0,0,0,0,0,0,0,0,0,0,0,0,20260,77486,0,1314,137,0,0,0,0,0,0,0,0,0,20488,23223,0,0,2423,15748,0
270.5,0,0,0,0,0,0,0,0,0,0,0,0,18074,89522,0,1251,70,0,0,0,0,0,0,0,0,0,17597,20029,0,0,2550,13458,0
271.5,0,0,0,0,0,0,0,0,0,0,0,0,16109,101205,0,1192,35,0,0,0,0,0,0,0,0,0,15031,17128,0,0,2728,11367,0
272.5,0,0,0,0,0,0,0,0,0,0,0,0,14344,111919,0,1137,17,0,0,0,0,0,0,0,0,0,12768,14533,0,0,2964,9487,0
273.5,0,0,0,0,0,0,0,0,0,0,0,0,12761,121027,0,1086,8,0,0,0,0,0,0,0,0,0,10787,12243,0,0,3272,7824,0
274.5,0,0,0,0,0,0,0,0,0,0,0,0,11340,127943,0,1040,4,0,0,0,0,0,0,0,0,0,9064,10249,0,0,3665,6375,0
275.5,0,0,0,0,0,0,0,0,0,0,0,0,10066,132186,0,997,2,0,0,0,0,0,0,0,0,0,7577,8530,0,0,4164,5132,0
276.5,0,0,0,0,0,0,0,0,0,0,0,0,8923,133438,0,958,0,0,0,0,0,0,0,0,0,0,6301,7066,0,0,4794,4082,0
277.5,0,0,0,0,0,0,0,0,0,0,0,0,7898,131584,0,922,0,0,0,0,0,0,0,0,0,0,5213,5828,0,0,5588,3207,0
278.5,0,0,0,0,0,0,0,0,0,0,0,0,6978,126729,0,891,0,0,0,0,0,0,0,0,0,0,4293,4791,0,0,6586,2489,0
279.5,0,0,0,0,0,0,0,0,0,0,0,0,6153,119184,0,862,0,0,0,0,0,0,0,0,0,0,3518,3929,0,0,7840,1909,0
280.5,0,0,0,0,0,0,0,0,0,0,0,0,5413,109440,0,837,0,0,0,0,0,0,0,0,0,0,2871,3216,0,0,9414,1446,0
281.5,0,0,0,0,0,0,0,0,0,0,0,0,4750,98108,0,815,0,0,0,0,0,0,0,0,0,0,2332,2630,0,0,11389,1083,0
282.5,0,0,0,0,0,0,0,0,0,0,0,0,4155,85853,0,796,0,0,0,0,0,0,0,0,0,0,1887,2151,0,0,13861,801,0
283.5,0,0,0,0,0,0,0,0,0,0,0,0,3623,73336,0,780,0,0,0,0,0,0,0,0,0,0,1522,1760,0,0,16944,586,0
284.5,0,0,0,0,0,0,0,0,0,0,0,0,3148,61147,0,767,0,0,0,0,0,0,0,0,0,0,1223,1442,0,0,20773,423,0
285.5,0,0,0,0,0,0,0,0,0,0,0,0,2723,49766,0,756,0,0,0,0,0,0,0,0,0,0,979,1184,0,0,25502,302,0
286.5,0,0,0,0,0,0,0,0,0,0,0,0,2345,39537,0,749,0,0,0,0,0,0,0,0,0,0,782,976,0,0,31298,213,0
287.5,0,0,0,0,0,0,0,0,0,0,0,0,2010,30662,0,744,0,0,0,0,0,0,0,0,0,0,623,807,0,0,38336,149,0
288.5,0,0,0,0,0,0,0,0,0,0,0,0,1713,23215,0,743,0,0,0,0,0,0,0,0,0,0,496,670,0,0,46787,103,0
289.5,0,0,0,0,0,0,0,0,0,0,0,0,1452,17162,0,744,0,0,0,0,0,0,0,0,0,0,394,560,0,0,56797,70,0
290.5,0,0,0,0,0,0,0,0,0,0,0,0,1222,12389,0,748,0,0,0,0,0,0,0,0,0,0,312,470,0,0,68467,47,0
291.5,0,0,0,0,0,0,0,0,0,0,0,0,1022,8735,0,754,0,0,0,0,0,0,0,0,0,0,248,398,0,0,81819,32,0
292.5,0,0,0,0,0,0,0,0,0,0,0,0,849,6017,0,764,0,0,0,0,0,0,0,0,0,0,196,339,0,0,96766,21,0
293.5,0,0,0,0,0,0,0,0,0,0,0,0,699,4049,0,778,0,0,0,0,0,0,0,0,0,0,156,291,0,0,113073,14,0
294.5,0,0,0,0,0,0,0,0,0,0,0,0,572,2663,0,794,0,0,0,0,0,0,0,0,0,0,124,252,0,0,130334,9,0
295.5,0,0,0,0,0,0,0,0,0,0,0,0,463,1712,0,814,0,0,0,0,0,0,0,0,0,0,98,220,2,0,147951,6,0
296.5,0,0,0,0,0,0,0,0,0,0,0,0,372,1076,0,838,0,0,0,0,0,0,0,0,0,0,78,194,3,0,165142,4,0
297.5,0,0,0,0,0,0,0,0,0,0,0,0,296,662,0,867,0,0,0,0,0,0,0,0,0,0,62,173,5,0,180969,2,0
298.5,0,0,0,0,0,0,0,0,0,0,0,0,233,398,0,899,0,0,0,0,0,0,0,0,0,0,50,156,8,0,194406,1,0
299.5,0,0,0,0,0,0,0,0,0,0,0,0,182,235,0,937,0,0,0,0,0,0,0,0,0,0,40,142,13,0,204429,0,0
300.5,0,0,0,0,0,0,0,0,0,0,0,0,140,135,0,979,0,0,0,0,0,0,0,0,0,0,32,131,23,0,210132,0,0
301.5,0,0,0,0,0,0,0,0,0,0,0,0,107,76,0,1027,0,0,0,0,0,0,0,0,0,0,26,122,40,0,210848,0,0
302.5,0,0,0,0,0,0,0,0,0,0,0,0,81,42,0,1082,0,0,0,0,0,0,0,0,0,0,21,115,68,0,206256,0,0
303.5,0,0,0,0,0,0,0,0,0,0,0,0,60,23,0,1143,0,0,0,0,0,0,0,0,0,0,17,109,114,0,196452,0,0
304.5,0,0,0,0,0,0,0,0,0,0,0,0,44,12,0,1212,0,0,0,0,0,0,0,0,0,0,14,106,191,0,181970,0,0
305.5,0,0,0,0,0,0,0,0,0,0,0,0,32,6,0,1290,0,0,0,0,0,0,0,0,0,0,12,103,315,0,163733,0,0
306.5,0,0,0,0,0,0,0,0,0,0,0,0,23,3,0,1376,0,0,0,0,0,0,0,0,0,0,10,102,513,0,142952,0,0
307.5,0,0,0,0,0,0,0,0,0,0,0,0,16,2,0,1473,0,0,0,0,0,0,0,0,0,0,8,102,821,0,120979,0,0
308.5,0,0,0,0,0,0,0,0,0,0,0,0,11,0,0,1581,0,0,0,0,0,0,0,0,0,0,7,103,1292,0,99144,0,0
309.5,0,0,0,0,0,0,0,0,0,0,0,0,8,0,0,1701,0,0,0,0,0,0,0,0,0,0,6,106,1994,0,78606,0,0
310.5,0,0,0,0,0,0,0,0,0,0,0,0,5,0,0,1835,0,0,0,0,0,0,0,0,0,0,5,110,3018,0,60241,0,0
311.5,0,0,0,0,0,0,0,0,0,0,0,0,4,0,0,1984,0,0,0,0,0,0,0,0,0,0,4,115,4470,0,44588,0,0
312.5,0,0,0,0,0,0,0,0,0,0,0,0,2,0,0,2149,0,0,0,0,0,0,0,0,0,0,4,122,6473,0,31848,0,0
313.5,0,0,0,0,0,0,0,0,0,0,0,0,2,0,0,2333,0,0,0,0,0,0,0,0,0,0,3,130,9155,0,21938,0,0
314.5,0,0,0,0,0,0,0,0,0,0,0,0,0,0,0,2537,0,0,0,0,0,0,0,0,0,0,3,141,12635,0,14562,0,0
315.5,0,0,0,0,0,0,0,0,0,0,0,0,0,0,0,2763,0,0,0,0,0,0,0,0,0,0,3,154,17002,0,9309,0,0
316.5,0,0,0,0,0,0,0,0,0,0,0,0,0,0,2,3013,0,0,0,0,0,0,0,0,0,0,2,171,22287,0,5728,0,0
317.5,0,0,0,0,0,0,0,0,0,0,0,0,0,0,5,3289,0,0,0,0,0,0,0,0,0,0,2,190,28442,0,3391,0,0
318.5,0,0,0,0,0,0,0,0,0,0,0,0,0,0,11,3594,0,0,0,0,0,0,0,0,0,0,2,214,35312,0,1930,0,0
319.5,0,0,0,0,0,0,0,0,0,0,0,0,0,0,24,3929,0,0,0,0,0,0,0,0,0,0,2,242,42627,0,1055,0,0
320.5,0,0,0,0,0,0,0,0,0,0,0,0,0,0,52,4297,0,0,0,0,0,0,0,0,0,0,2,276,50008,0,555,0,0
321.5,0,0,0,0,0,0,0,0,0,0,0,0,0,0,111,4700,0,0,0,0,0,0,0,0,0,0,2,318,56986,0,280,0,0
322.5,0,0,0,0,0,0,0,0,0,0,0,0,0,0,226,5141,0,0,0,0,0,0,0,0,0,0,2,368,63053,0,135,0,0
323.5,0,0,0,0,0,0,0,0,0,0,0,0,0,0,447,5622,0,0,0,0,0,0,0,0,0,0,1,428,67715,0,63,0,0
324.5,0,0,0,0,0,0,0,0,0,0,0,0,0,0,849,6144,0,0,0,0,0,0,0,0,0,0,1,501,70563,0,28,0,0
325.5,0,0,0,0,0,0,0,0,0,0,0,0,0,0,1552,6709,0,0,0,0,0,0,0,0,0,0,1,589,71327,0,12,0,0
326.5,0,0,0,0,0,0,0,0,0,0,0,0,0,0,2727,7320,0,0,0,0,0,0,0,0,0,0,1,696,69923,0,5,0,0
327.5,0,0,0,0,0,0,0,0,0,0,0,0,0,0,4605,7975,0,0,0,0,0,0,0,0,0,0,1,824,66465,0,2,0,0
328.5,0,0,0,0,0,0,0,0,0,0,0,0,0,0,7459,8677,0,0,0,0,0,0,0,0,0,0,1,979,61248,0,0,0,0
329.5,0,0,0,0,0,0,0,0,0,0,0,0,0,0,11586,9424,0,0,0,0,0,0,0,0,0,0,1,1165,54710,0,0,0,0
330.5,0,0,0,0,0,0,0,0,0,0,0,0,0,0,17240,10216,0,0,0,0,0,0,0,0,0,0,1,1389,47367,0,0,0,0
331.5,0,0,0,0,0,0,0,0,0,0,0,0,0,0,24562,11050,0,0,0,0,0,0,0,0,0,0,1,1657,39745,0,0,0,0
332.5,0,0,0,0,0,0,0,0,0,0,0,0,0,0,33482,11923,0,0,0,0,0,0,0,0,0,0,1,1978,32320,0,0,0,0
333.5,0,0,0,0,0,0,0,0,0,0,0,0,0,0,43647,12831,0,0,0,0,0,0,0,0,0,0,1,2359,25470,0,0,0,0
334.5,0,0,0,0,0,0,0,0,0,0,0,0,0,0,54382,13768,0,0,0,0,0,0,0,0,0,0,1,2811,19452,0,0,0,0
335.5,0,0,0,0,0,0,0,0,0,0,0,0,0,0,64733,14729,0,0,0,0,0,0,0,0,0,0,1,3343,14397,0,0,0,0
336.5,0,0,0,0,0,0,0,0,0,0,0,0,0,0,73584,15703,0,0,0,0,0,0,0,0,0,0,1,3968,10327,0,0,0,0
337.5,0,0,0,0,0,0,0,0,0,0,0,0,0,0,79851,16684,0,0,0,0,0,0,0,0,0,0,1,4697,7180,0,0,0,0
338.5,0,0,0,0,0,0,0,0,0,0,0,0,0,0,82693,17658,0,0,0,0,0,0,0,0,0,0,1,5540,4838,0,0,0,0
339.5,0,0,0,0,0,0,0,0,0,0,0,0,0,0,81701,18616,0,0,0,0,0,0,0,0,0,0,1,6508,3161,0,0,0,0
340.5,0,0,0,0,0,0,0,0,0,0,0,0,0,0,76994,19544,0,0,0,0,0,0,0,0,0,0,1,7612,2002,0,0,0,0
341.5,0,0,0,0,0,0,0,0,0,0,0,0,0,0,69193,20428,0,0,0,0,0,0,0,0,0,0,1,8858,1229,0,0,0,0
342.5,0,0,0,0,0,0,0,0,0,0,0,0,0,0,59288,21255,0,0,0,0,0,0,0,0,0,0,1,10252,732,0,0,0,0
343.5,0,0,0,0,0,0,0,0,0,0,0,0,0,0,48429,22010,0,0,0,0,0,0,0,0,0,0,1,11793,423,0,0,0,0
344.5,0,0,0,0,0,0,0,0,0,0,0,0,0,0,37707,22678,0,0,0,0,0,0,0,0,0,0,1,13477,237,0,0,0,0
345.5,0,0,0,0,0,0,0,0,0,0,0,0,0,0,27983,23247,0,0,0,0,0,0,0,0,0,0,2,15294,129,0,0,0,0
346.5,0,0,0,0,0,0,0,0,0,0,0,0,0,0,19791,23703,0,0,0,0,0,0,0,0,0,0,2,17228,68,0,0,0,0
347.5,0,0,0,0,0,0,0,0,0,0,0,0,0,0,13340,24034,0,0,0,0,0,0,0,0,0,0,2,19254,35,0,0,0,0
348.5,0,0,0,0,0,0,0,0,0,0,0,0,0,0,8569,24232,0,0,0,0,0,0,0,0,0,0,2,21340,17,0,0,0,0
349.5,0,0,0,0,0,0,0,0,0,0,0,0,0,0,5245,24289,0,0,0,0,0,0,0,0,0,0,2,23447,8,0,0,0,0
350.5,0,0,0,0,0,0,0,0,0,0,0,0,0,0,3060,24200,0,0,0,0,0,0,0,0,0,0,2,25530,4,0,0,0,0
351.5,0,0,0,0,0,0,0,0,0,0,0,0,0,0,1701,23963,0,0,0,0,0,0,0,0,0,0,1,27535,2,0,0,0,0
352.5,0,0,0,0,0,0,0,0,0,0,0,0,0,0,902,23577,0,0,0,0,0,0,0,0,0,0,1,29409,0,0,0,0,0
353.5,0,0,0,0,0,0,0,0,0,0,0,0,0,0,455,23048,0,0,0,0,0,0,0,0,0,0,1,31093,0,0,0,0,0
354.5,0,0,0,0,0,0,0,0,0,0,0,0,0,0,219,22382,0,0,0,0,0,0,0,0,0,0,1,32530,0,0,0,0,0
355.5,0,0,0,0,0,0,0,0,0,0,0,0,0,0,101,21588,0,0,0,0,0,0,0,0,0,0,1,33669,0,0,0,0,0
356.5,0,0,0,0,0,0,0,0,0,0,0,0,0,0,44,20679,0,0,0,0,0,0,0,0,0,0,1,34464,0,0,0,0,0
357.5,0,0,0,0,0,0,0,0,0,0,0,0,0,0,18,19669,0,0,0,0,0,0,0,0,0,0,1,34880,0,0,0,0,0
358.5,0,0,0,0,0,0,0,0,0,0,0,0,0,0,7,18574,0,0,0,0,0,0,0,0,0,0,1,34893,0,0,0,0,0
359.5,0,0,0,0,0,0,0,0,0,0,0,0,0,0,3,17413,0,0,0,0,0,0,0,0,0,0,1,34493,0,0,0,0,0
360.5,0,0,0,0,0,0,0,0,0,0,0,0,0,0,1,16204,0,0,0,0,0,0,0,0,0,0,0,33688,0,0,0,0,0
361.5,0,0,0,0,0,0,0,0,0,0,0,0,0,0,0,14965,0,0,0,0,0,0,0,0,0,0,0,32498,0,0,0,0,0
362.5,0,0,0,0,0,0,0,0,0,0,0,0,0,0,0,13717,0,0,0,0,0,0,0,0,0,0,0,30959,0,0,0,0,0
363.5,0,0,0,0,0,0,0,0,0,0,0,0,0,0,0,12475,0,0,0,0,0,0,0,0,0,0,0,29119,0,0,0,0,0
364.5,0,0,0,0,0,0,0,0,0,0,0,0,0,0,0,11257,0,0,0,0,0,0,0,0,0,0,0,27036,0,0,0,0,0
365.5,0,0,0,0,0,0,0,0,0,0,0,0,0,0,0,10078,0,0,0,0,0,0,0,0,0,0,0,24774,0,0,0,0,0
366.5,0,0,0,0,0,0,0,0,0,0,0,0,0,0,0,8949,0,0,0,0,0,0,0,0,0,0,0,22402,0,0,0,0,0
367.5,0,0,0,0,0,0,0,0,0,0,0,0,0,0,0,7883,0,0,0,0,0,0,0,0,0,0,0,19987,0,0,0,0,0
368.5,0,0,0,0,0,0,0,0,0,0,0,0,0,0,0,6887,0,0,0,0,0,0,0,0,0,0,0,17591,0,0,0,0,0
369.5,0,0,0,0,0,0,0,0,0,0,0,0,0,0,0,5968,0,0,0,0,0,0,0,0,0,0,0,15270,0,0,0,0,0
370.5,0,0,0,0,0,0,0,0,0,0,0,0,0,0,0,5128,0,0,0,0,0,0,0,0,0,0,0,13074,0,0,0,0,0
371.5,0,0,0,0,0,0,0,0,0,0,0,0,0,0,0,4369,0,0,0,0,0,0,0,0,0,0,0,11038,0,0,0,0,0
372.5,0,0,0,0,0,0,0,0,0,0,0,0,0,0,0,3691,0,0,0,0,0,0,0,0,0,0,0,9188,0,0,0,0,0
373.5,0,0,0,0,0,0,0,0,0,0,0,0,0,0,0,3091,0,0,0,0,0,0,0,0,0,0,0,7541,0,0,0,0,0
374.5,0,0,0,0,0,0,0,0,0,0,0,0,0,0,0,2567,0,0,0,0,0,0,0,0,0,0,0,6101,0,0,0,0,0
375.5,0,0,0,0,0,0,0,0,0,0,0,0,0,0,0,2113,0,0,0,0,0,0,0,0,0,0,0,4865,0,0,0,0,0
376.5,0,0,0,0,0,0,0,0,0,0,0,0,0,0,0,1724,0,0,0,0,0,0,0,0,0,0,0,3824,0,0,0,0,0
377.5,0,0,0,0,0,0,0,0,0,0,0,0,0,0,0,1394,0,0,0,0,0,0,0,0,0,0,0,2962,0,0,0,0,0
378.5,0,0,0,0,0,0,0,0,0,0,0,0,0,0,0,1118,0,0,0,0,0,0,0,0,0,0,0,2262,0,0,0,0,0
379.5,0,0,0,0,0,0,0,0,0,0,0,0,0,0,0,888,0,0,0,0,0,0,0,0,0,0,0,1701,0,0,0,0,0
380.5,0,0,0,0,0,0,0,0,0,0,0,0,0,0,0,699,0,0,0,0,0,0,0,0,0,0,0,1261,0,0,0,0,0
381.5,0,0,0,0,0,0,0,0,0,0,0,0,0,0,0,546,0,0,0,0,0,0,0,0,0,0,0,921,0,0,0,0,0
382.5,0,0,0,0,0,0,0,0,0,0,0,0,0,0,0,422,0,0,0,0,0,0,0,0,0,0,0,663,0,0,0,0,0
383.5,0,0,0,0,0,0,0,0,0,0,0,0,0,0,0,324,0,0,0,0,0,0,0,0,0,0,0,470,0,0,0,0,0
384.5,0,0,0,0,0,0,0,0,0,0,0,0,0,0,0,246,0,0,0,0,0,0,0,0,0,0,0,328,0,0,0,0,0
385.5,0,0,0,0,0,0,0,0,0,0,0,0,0,0,0,185,0,0,0,0,0,0,0,0,0,0,0,226,0,0,0,0,0
386.5,0,0,0,0,0,0,0,0,0,0,0,0,0,0,0,138,0,0,0,0,0,0,0,0,0,0,0,153,0,0,0,0,0
387.5,0,0,0,0,0,0,0,0,0,0,0,0,0,0,0,102,0,0,0,0,0,0,0,0,0,0,0,102,0,0,0,0,0
388.5,0,0,0,0,0,0,0,0,0,0,0,0,0,0,0,75,0,0,0,0,0,0,0,0,0,0,0,67,0,0,0,0,0
389.5,0,0,0,0,0,0,0,0,0,0,0,0,0,0,0,54,0,0,0,0,0,0,0,0,0,0,0,44,0,0,0,0,0
390.5,0,0,0,0,0,0,0,0,0,0,0,0,0,0,0,39,0,0,0,0,0,0,0,0,0,0,0,28,0,0,0,0,0
391.5,0,0,0,0,0,0,0,0,0,0,0,0,0,0,0,28,0,0,0,0,0,0,0,0,0,0,0,18,0,0,0,0,0
392.5,0,0,0,0,0,0,0,0,0,0,0,0,0,0,0,20,0,0,0,0,0,0,0,0,0,0,0,11,0,0,0,0,0
393.5,0,0,0,0,0,0,0,0,0,0,0,0,0,0,0,14,0,0,0,0,0,0,0,0,0,0,0,7,0,0,0,0,0
394.5,0,0,0,0,0,0,0,0,0,0,0,0,0,0,0,9,0,0,0,0,0,0,0,0,0,0,0,4,0,0,0,0,0
395.5,0,0,0,0,0,0,0,0,0,0,0,0,0,0,0,6,0,0,0,0,0,0,0,0,0,0,0,2,0,0,0,0,0
396.5,0,0,0,0,0,0,0,0,0,0,0,0,0,0,0,4,0,0,0,0,0,0,0,0,0,0,0,1,0,0,0,0,0
397.5,0,0,0,0,0,0,0,0,0,0,0,0,0,0,0,3,0,0,0,0,0,0,0,0,0,0,0,0,0,0,0,0,0
398.5,0,0,0,0,0,0,0,0,0,0,0,0,0,0,0,2,0,0,0,0,0,0,0,0,0,0,0,0,0,0,0,0,0
399.5,0,0,0,0,0,0,0,0,0,0,0,0,0,0,0,1,0,0,0,0,0,0,0,0,0,0,0,0,0,0,0,0,0
400.5,0,0,0,0,0,0,0,0,0,0,0,0,0,0,0,0,0,0,0,0,0,0,0,0,0,0,0,0,0,0,0,0,0
401.5,0,0,0,0,0,0,0,0,0,0,0,0,0,0,0,0,0,0,0,0,0,0,0,0,0,0,0,0,0,0,0,0,0
402.5,0,0,0,0,0,0,0,0,0,0,0,0,0,0,0,0,0,0,0,0,0,0,0,0,0,0,0,0,0,0,0,0,0
403.5,0,0,0,0,0,0,0,0,0,0,0,0,0,0,0,0,0,0,0,0,0,0,0,0,0,0,0,0,0,0,0,0,0
404.5,0,0,0,0,0,0,0,0,0,0,0,0,0,0,0,0,0,0,0,0,0,0,0,0,0,0,0,0,0,0,0,0,0
405.5,0,0,0,0,0,0,0,0,0,0,0,0,0,0,0,0,0,0,0,0,0,0,0,0,0,0,0,0,0,0,0,0,0
406.5,0,0,0,0,0,0,0,0,0,0,0,0,0,0,0,0,0,0,0,0,0,0,0,0,0,0,0,0,0,0,0,0,0
407.5,0,0,0,0,0,0,0,0,0,0,0,0,0,0,0,0,0,0,0,0,0,0,0,0,0,0,0,0,0,0,0,0,0
408.5,0,0,0,0,0,0,0,0,0,0,0,0,0,0,0,0,0,0,0,0,0,0,0,0,0,0,0,0,0,0,0,0,0
409.5,0,0,0,0,0,0,0,0,0,0,0,0,0,0,0,0,0,0,0,0,0,0,0,0,0,0,0,0,0,0,0,0,0
410.5,0,0,0,0,0,0,0,0,0,0,0,0,0,0,0,0,0,0,0,0,0,0,0,0,0,0,0,0,0,0,0,0,0
411.5,0,0,0,0,0,0,0,0,0,0,0,0,0,0,0,0,0,0,0,0,0,0,0,0,0,0,0,0,0,0,0,0,0
412.5,0,0,0,0,0,0,0,0,0,0,0,0,0,0,0,0,0,0,0,0,0,0,0,0,0,0,0,0,0,0,0,0,0
413.5,0,0,0,0,0,0,0,0,0,0,0,0,0,0,0,0,0,0,0,0,0,0,0,0,0,0,0,0,0,0,0,0,0
414.5,0,0,0,0,0,0,0,0,0,0,0,0,0,0,0,0,0,0,0,0,0,0,0,0,0,0,0,0,0,0,0,0,0
415.5,0,0,0,0,0,0,0,0,0,0,0,0,0,0,0,0,0,0,0,0,0,0,0,0,0,0,0,0,0,0,0,0,0
416.5,0,0,0,0,0,0,0,0,0,0,0,0,0,0,0,0,0,0,0,0,0,0,0,0,0,0,0,0,0,0,0,0,0
417.5,0,0,0,0,0,0,0,0,0,0,0,0,0,0,0,0,0,0,0,0,0,0,0,0,0,0,0,0,0,0,0,0,0
418.5,0,0,0,0,0,0,0,0,0,0,0,0,0,0,0,0,0,0,0,0,0,0,0,0,0,0,0,0,0,0,0,0,0
419.5,0,0,0,0,0,0,0,0,0,0,0,0,0,0,0,0,0,0,0,0,0,0,0,0,0,0,0,0,0,0,0,0,0
420.5,0,0,0,0,0,0,0,0,0,0,0,0,0,0,0,0,0,0,0,0,0,0,0,0,0,0,0,0,0,0,0,0,0
421.5,0,0,0,0,0,0,0,0,0,0,0,0,0,0,0,0,0,0,0,0,0,0,0,0,0,0,0,0,0,0,0,0,0
422.5,0,0,0,0,0,0,0,0,0,0,0,0,0,0,0,0,0,0,0,0,0,0,0,0,0,0,0,0,0,0,0,0,0
423.5,0,0,0,0,0,0,0,0,0,0,0,0,0,0,0,0,0,0,0,0,0,0,0,0,0,0,0,0,0,0,0,0,0
424.5,0,0,0,0,0,0,0,0,0,0,0,0,0,0,0,0,0,0,0,0,0,0,0,0,0,0,0,0,0,0,0,0,0
425.5,0,0,0,0,0,0,0,0,0,0,0,0,0,0,0,0,0,0,0,0,0,0,0,0,0,0,0,0,0,0,0,0,0
426.5,0,0,0,0,0,0,0,0,0,0,0,0,0,0,0,0,0,0,0,0,0,0,0,0,0,0,0,0,0,0,0,0,0
427.5,0,0,0,0,0,0,0,0,0,0,0,0,0,0,0,0,0,0,0,0,0,0,0,0,0,0,0,0,0,0,0,0,0
428.5,0,0,0,0,0,0,0,0,0,0,0,0,0,0,0,0,0,0,0,0,0,0,0,0,0,0,0,0,0,0,0,0,0
429.5,0,0,0,0,0,0,0,0,0,0,0,0,0,0,0,0,0,0,0,0,0,0,0,0,0,0,0,0,0,0,0,0,0
430.5,0,0,0,0,0,0,0,0,0,0,0,0,0,0,0,0,0,0,0,0,0,0,0,0,0,0,0,0,0,0,0,0,0
431.5,0,0,0,0,0,0,0,0,0,0,0,0,0,0,0,0,0,0,0,0,0,0,0,0,0,0,0,0,0,0,0,0,0
432.5,0,0,0,0,0,0,0,0,0,0,0,0,0,0,0,0,0,0,0,0,0,0,0,0,0,0,0,0,0,0,0,0,0
433.5,0,0,0,0,0,0,0,0,0,0,0,0,0,0,0,0,0,0,0,0,0,0,0,0,0,0,0,0,0,0,0,0,0
434.5,0,0,0,0,0,0,0,0,0,0,0,0,0,0,0,0,0,0,0,0,0,0,0,0,0,0,0,0,0,0,0,0,0
435.5,0,0,0,0,0,0,0,0,0,0,0,0,0,0,0,0,0,0,0,0,0,0,0,0,0,0,0,0,0,0,0,0,0
436.5,0,0,0,0,0,0,0,0,0,0,0,0,0,0,0,0,0,0,0,0,0,0,0,0,0,0,0,0,0,0,0,0,0
437.5,0,0,0,0,0,0,0,0,0,0,0,0,0,0,0,0,0,0,0,0,0,0,0,0,0,0,0,0,0,0,0,0,0
438.5,0,0,0,0,0,0,0,0,0,0,0,0,0,0,0,0,0,0,0,0,0,0,0,0,0,0,0,0,0,0,0,0,0
439.5,0,0,0,0,0,0,0,0,0,0,0,0,0,0,0,0,0,0,0,0,0,0,0,0,0,0,0,0,0,0,0,0,0
440.5,0,0,0,0,0,0,0,0,0,0,0,0,0,0,0,0,0,0,0,0,0,0,0,0,0,0,0,0,0,0,0,0,0
441.5,0,0,0,0,0,0,0,0,0,0,0,0,0,0,0,0,0,0,0,0,0,0,0,0,0,0,0,0,0,0,0,0,0
442.5,0,0,0,0,0,0,0,0,0,0,0,0,0,0,0,0,0,0,0,0,0,0,0,0,0,0,0,0,0,0,0,0,0
443.5,0,0,0,0,0,0,0,0,0,0,0,0,0,0,0,0,0,0,0,0,0,0,0,0,0,0,0,0,0,0,0,0,0
444.5,0,0,0,0,0,0,0,0,0,0,0,0,0,0,0,0,0,0,0,0,0,0,0,0,0,0,0,0,0,0,0,0,0
445.5,0,0,0,0,0,0,0,0,0,0,0,0,0,0,0,0,0,0,0,0,0,0,0,0,0,0,0,0,0,0,0,0,0
446.5,0,0,0,0,0,0,0,0,0,0,0,0,0,0,0,0,0,0,0,0,0,0,0,0,0,0,0,0,0,0,0,0,0
447.5,0,0,0,0,0,0,0,0,0,0,0,0,0,0,0,0,0,0,0,0,0,0,0,0,0,0,0,0,0,0,0,0,0
448.5,0,0,0,0,0,0,0,0,0,0,0,0,0,0,0,0,0,0,0,0,0,0,0,0,0,0,0,0,0,0,0,0,0
449.5,0,0,0,0,0,0,0,0,0,0,0,0,0,0,0,0,0,0,0,0,0,0,0,0,0,0,0,0,0,0,0,0,0
450.5,0,0,0,0,0,0,0,0,0,0,0,0,0,0,0,0,0,0,0,0,0,0,0,0,0,0,0,0,0,0,0,0,0
451.5,0,0,0,0,0,0,0,0,0,0,0,0,0,0,0,0,0,0,0,0,0,0,0,0,0,0,0,0,0,0,0,0,0
452.5,0,0,0,0,0,0,0,0,0,0,0,0,0,0,0,0,0,0,0,0,0,0,0,0,0,0,0,0,0,0,0,0,0
453.5,0,0,0,0,0,0,0,0,0,0,0,0,0,0,0,0,0,0,0,0,0,0,0,0,0,0,0,0,0,0,0,0,0
454.5,0,0,0,0,0,0,0,0,0,0,0,0,0,0,0,0,0,0,0,0,0,0,0,0,0,0,0,0,0,0,0,0,0
455.5,0,0,0,0,0,0,0,0,0,0,0,0,0,0,0,0,0,0,0,0,0,0,0,0,0,0,0,0,0,0,0,0,0
456.5,0,0,0,0,0,0,0,0,0,0,0,0,0,0,0,0,0,0,0,0,0,0,0,0,0,0,0,0,0,0,0,0,0
457.5,0,0,0,0,0,0,0,0,0,0,0,0,0,0,0,0,0,0,0,0,0,0,0,0,0,0,0,0,0,0,0,0,0
458.5,0,0,0,0,0,0,0,0,0,0,0,0,0,0,0,0,0,0,0,0,0,0,0,0,0,0,0,0,0,0,0,0,0
459.5,0,0,0,0,0,0,0,0,0,0,0,0,0,0,0,0,0,0,0,0,0,0,0,0,0,0,0,0,0,0,0,0,0
460.5,0,0,0,0,0,0,0,0,0,0,0,0,0,0,0,0,0,0,0,0,0,0,0,0,0,0,0,0,0,0,0,0,0
461.5,0,0,0,0,0,0,0,0,0,0,0,0,0,0,0,0,0,0,0,0,0,0,0,0,0,0,0,0,0,0,0,0,0
462.5,0,0,0,0,0,0,0,0,0,0,0,0,0,0,0,0,0,0,0,0,0,0,0,0,0,0,0,0,0,0,0,0,0
463.5,0,0,0,0,0,0,0,0,0,0,0,0,0,0,0,0,0,0,0,0,0,0,0,0,0,0,0,0,0,0,0,0,0
464.5,0,0,0,0,0,0,0,0,0,0,0,0,0,0,0,0,0,0,0,0,0,0,0,0,0,0,0,0,0,0,0,0,0
465.5,0,0,0,0,0,0,0,0,0,0,0,0,0,0,0,0,0,0,0,0,0,0,0,0,0,0,0,0,0,0,0,0,0
466.5,0,0,0,0,0,0,0,0,0,0,0,0,0,0,0,0,0,0,0,0,0,0,0,0,0,0,0,0,0,0,0,0,0
467.5,0,0,0,0,0,0,0,0,0,0,0,0,0,0,0,0,0,0,0,0,0,0,0,0,0,0,0,0,0,0,0,0,0
468.5,0,0,0,0,0,0,0,0,0,0,0,0,0,0,0,0,0,0,0,0,0,0,0,0,0,0,0,0,0,0,0,0,0
469.5,0,0,0,0,0,0,0,0,0,0,0,0,0,0,0,0,0,0,0,0,0,0,0,0,0,0,0,0,0,0,0,0,0
470.5,0,0,0,0,0,0,0,0,0,0,0,0,0,0,0,0,0,0,0,0,0,0,0,0,0,0,0,0,0,0,0,0,0
471.5,0,0,0,0,0,0,0,0,0,0,0,0,0,0,0,0,0,0,0,0,0,0,0,0,0,0,0,0,0,0,0,0,0
472.5,0,0,0,0,0,0,0,0,0,0,0,0,0,0,0,0,0,0,0,0,0,0,0,0,0,0,0,0,0,0,0,0,0
473.5,0,0,0,0,0,0,0,0,0,0,0,0,0,0,0,0,0,0,0,0,0,0,0,0,0,0,0,0,0,0,0,0,0
474.5,0,0,0,0,0,0,0,0,0,0,0,0,0,0,0,0,0,0,0,0,0,0,0,0,0,0,0,0,0,0,0,0,0
475.5,0,0,0,0,0,0,0,0,0,0,0,0,0,0,0,0,0,0,0,0,0,0,0,0,0,0,0,0,0,0,0,0,0
476.5,0,0,0,0,0,0,0,0,0,0,0,0,0,0,0,0,0,0,0,0,0,0,0,0,0,0,0,0,0,0,0,0,0
477.5,0,0,0,0,0,0,0,0,0,0,0,0,0,0,0,0,0,0,0,0,0,0,0,0,0,0,0,0,0,0,0,0,0
478.5,0,0,0,0,0,0,0,0,0,0,0,0,0,0,0,0,0,0,0,0,0,0,0,0,0,0,0,0,0,0,0,0,0
479.5,0,0,0,0,0,0,0,0,0,0,0,0,0,0,0,0,0,0,0,0,0,0,0,0,0,0,0,0,0,0,0,0,0
480.5,0,0,0,0,0,0,0,0,0,0,0,0,0,0,0,0,0,0,0,0,0,0,0,0,0,0,0,0,0,0,0,0,0
481.5,0,0,0,0,0,0,0,0,0,0,0,0,0,0,0,0,0,0,0,0,0,0,0,0,0,0,0,0,0,0,0,0,0
482.5,0,0,0,0,0,0,0,0,0,0,0,0,0,0,0,0,0,0,0,0,0,0,0,0,0,0,0,0,0,0,0,0,0
483.5,0,0,0,0,0,0,0,0,0,0,0,0,0,0,0,0,0,0,0,0,0,0,0,0,0,0,0,0,0,0,0,0,0
484.5,0,0,0,0,0,0,0,0,0,0,0,0,0,0,0,0,0,0,0,0,0,0,0,0,0,0,0,0,0,0,0,0,0
485.5,0,0,0,0,0,0,0,0,0,0,0,0,0,0,0,0,0,0,0,0,0,0,0,0,0,0,0,0,0,0,0,0,0
486.5,0,0,0,0,0,0,0,0,0,0,0,0,0,0,0,0,0,0,0,0,0,0,0,0,0,0,0,0,0,0,0,0,0
487.5,0,0,0,0,0,0,0,0,0,0,0,0,0,0,0,0,0,0,0,0,0,0,0,0,0,0,0,0,0,0,0,0,0
488.5,0,0,0,0,0,0,0,0,0,0,0,0,0,0,0,0,0,0,0,0,0,0,0,0,0,0,0,0,0,0,0,0,0
489.5,0,0,0,0,0,0,0,0,0,0,0,0,0,0,0,0,0,0,0,0,0,0,0,0,0,0,0,0,0,0,0,0,0
490.5,0,0,0,0,0,0,0,0,0,0,0,0,0,0,0,0,0,0,0,0,0,0,0,0,0,0,0,0,0,0,0,0,0
491.5,0,0,0,0,0,0,0,0,0,0,0,0,0,0,0,0,0,0,0,0,0,0,0,0,0,0,0,0,0,0,0,0,0
492.5,0,0,0,0,0,0,0,0,0,0,0,0,0,0,0,0,0,0,0,0,0,0,0,0,0,0,0,0,0,0,0,0,0
493.5,0,0,0,0,0,0,0,0,0,0,0,0,0,0,0,0,0,0,0,0,0,0,0,0,0,0,0,0,0,0,0,0,0
494.5,0,0,0,0,0,0,0,0,0,0,0,0,0,0,0,0,0,0,0,0,0,0,0,0,0,0,0,0,0,0,0,0,0
495.5,0,0,0,0,0,0,0,0,0,0,0,0,0,0,0,0,0,0,0,0,0,0,0,0,0,0,0,0,0,0,0,0,0
496.5,0,0,0,0,0,0,0,0,0,0,0,0,0,0,0,0,0,0,0,0,0,0,0,0,0,0,0,0,0,0,0,0,0
497.5,0,0,0,0,0,0,0,0,0,0,0,0,0,0,0,0,0,0,0,0,0,0,0,0,0,0,0,0,0,0,0,0,0
498.5,0,0,0,0,0,0,0,0,0,0,0,0,0,0,0,0,0,0,0,0,0,0,0,0,0,0,0,0,0,0,0,0,0
499.5,0,0,0,0,0,0,0,0,0,0,0,0,0,0,0,0,0,0,0,0,0,0,0,0,0,0,0,0,0,0,0,0,0
500.5,0,0,0,0,0,0,0,0,0,0,0,0,0,0,0,0,0,0,0,0,0,0,0,0,0,0,0,0,0,0,0,0,0
501.5,0,0,0,0,0,0,0,0,0,0,0,0,0,0,0,0,0,0,0,0,0,0,0,0,0,0,0,0,0,0,0,0,0
502.5,0,0,0,0,0,0,0,0,0,0,0,0,0,0,0,0,0,0,0,0,0,0,0,0,0,0,0,0,0,0,0,0,0
503.5,0,0,0,0,0,0,0,0,0,0,0,0,0,0,0,0,0,0,0,0,0,0,0,0,0,0,0,0,0,0,0,0,0
504.5,0,0,0,0,0,0,0,0,0,0,0,0,0,0,0,0,0,0,0,0,0,0,0,0,0,0,0,0,0,0,0,0,0
505.5,0,0,0,0,0,0,0,0,0,0,0,0,0,0,0,0,0,0,0,0,0,0,0,0,0,0,0,0,0,0,0,0,0
506.5,0,0,0,0,0,0,0,0,0,0,0,0,0,0,0,0,0,0,0,0,0,0,0,0,0,0,0,0,0,0,0,0,0
507.5,0,0,0,0,0,0,0,0,0,0,0,0,0,0,0,0,0,0,0,0,0,0,0,0,0,0,0,0,0,0,0,0,0
508.5,0,0,0,0,0,0,0,0,0,0,0,0,0,0,0,0,0,0,0,0,0,0,0,0,0,0,0,0,0,0,0,0,0
509.5,0,0,0,0,0,0,0,0,0,0,0,0,0,0,0,0,0,0,0,0,0,0,0,0,0,0,0,0,0,0,0,0,0
510.5,0,0,0,0,0,0,0,0,0,0,0,0,0,0,0,0,0,0,0,0,0,0,0,0,0,0,0,0,0,0,0,0,0
511.5,0,0,0,0,0,0,0,0,0,0,0,0,0,0,0,0,0,0,0,0,0,0,0,0,0,0,0,0,0,0,0,0,0
512.5,0,0,0,0,0,0,0,0,0,0,0,0,0,0,0,0,0,0,0,0,0,0,0,0,0,0,0,0,0,0,0,0,0
513.5,0,0,0,0,0,0,0,0,0,0,0,0,0,0,0,0,0,0,0,0,0,0,0,0,0,0,0,0,0,0,0,0,0
514.5,0,0,0,0,0,0,0,0,0,0,0,0,0,0,0,0,0,0,0,0,0,0,0,0,0,0,0,0,0,0,0,0,0
515.5,0,0,0,0,0,0,0,0,0,0,0,0,0,0,0,0,0,0,0,0,0,0,0,0,0,0,0,0,0,0,0,0,0
516.5,0,0,0,0,0,0,0,0,0,0,0,0,0,0,0,0,0,0,0,0,0,0,0,0,0,0,0,0,0,0,0,0,0
517.5,0,0,0,0,0,0,0,0,0,0,0,0,0,0,0,0,0,0,0,0,0,0,0,0,0,0,0,0,0,0,0,0,0
518.5,0,0,0,0,0,0,0,0,0,0,0,0,0,0,0,0,0,0,0,0,0,0,0,0,0,0,0,0,0,0,0,0,0
519.5,0,0,0,0,0,0,0,0,0,0,0,0,0,0,0,0,0,0,0,0,0,0,0,0,0,0,0,0,0,0,0,0,0
520.5,0,0,0,0,0,0,0,0,0,0,0,0,0,0,0,0,0,0,0,0,0,0,0,0,0,0,0,0,0,0,0,0,0
521.5,0,0,0,0,0,0,0,0,0,0,0,0,0,0,0,0,0,0,0,0,0,0,0,0,0,0,0,0,0,0,0,0,0
522.5,0,0,0,0,0,0,0,0,0,0,0,0,0,0,0,0,0,0,0,0,0,0,0,0,0,0,0,0,0,0,0,0,0
523.5,0,0,0,0,0,0,0,0,0,0,0,0,0,0,0,0,0,0,0,0,0,0,0,0,0,0,0,0,0,0,0,0,0
524.5,0,0,0,0,0,0,0,0,0,0,0,0,0,0,0,0,0,0,0,0,0,0,0,0,0,0,0,0,0,0,0,0,0
525.5,0,0,0,0,0,0,0,0,0,0,0,0,0,0,0,0,0,0,0,0,0,0,0,0,0,0,0,0,0,0,0,0,0
526.5,0,0,0,0,0,0,0,0,0,0,0,0,0,0,0,0,0,0,0,0,0,0,0,0,0,0,0,0,0,0,0,0,0
527.5,0,0,0,0,0,0,0,0,0,0,0,0,0,0,0,0,0,0,0,0,0,0,0,0,0,0,0,0,0,0,0,0,0
528.5,0,0,0,0,0,0,0,0,0,0,0,0,0,0,0,0,0,0,0,0,0,0,0,0,0,0,0,0,0,0,0,0,0
529.5,0,0,0,0,0,0,0,0,0,0,0,0,0,0,0,0,0,0,0,0,0,0,0,0,0,0,0,0,0,0,0,0,0
530.5,0,0,0,0,0,0,0,0,0,0,0,0,0,0,0,0,0,0,0,0,0,0,0,0,0,0,0,0,0,0,0,0,0
531.5,0,0,0,0,0,0,0,0,0,0,0,0,0,0,0,0,0,0,0,0,0,0,0,0,0,0,0,0,0,0,0,0,0
532.5,0,0,0,0,0,0,0,0,0,0,0,0,0,0,0,0,0,0,0,0,0,0,0,0,0,0,0,0,0,0,0,0,0
533.5,0,0,0,0,0,0,0,0,0,0,0,0,0,0,0,0,0,0,0,0,0,0,0,0,0,0,0,0,0,0,0,0,0
534.5,0,0,0,0,0,0,0,0,0,0,0,0,0,0,0,0,0,0,0,0,0,0,0,0,0,0,0,0,0,0,0,0,0
535.5,0,0,0,0,0,0,0,0,0,0,0,0,0,0,0,0,0,0,0,0,0,0,0,0,0,0,0,0,0,0,0,0,0
536.5,0,0,0,0,0,0,0,0,0,0,0,0,0,0,0,0,0,0,0,0,0,0,0,0,0,0,0,0,0,0,0,0,0
537.5,0,0,0,0,0,0,0,0,0,0,0,0,0,0,0,0,0,0,0,0,0,0,0,0,0,0,0,0,0,0,0,0,0
538.5,0,0,0,0,0,0,0,0,0,0,0,0,0,0,0,0,0,0,0,0,0,0,0,0,0,0,0,0,0,0,0,0,0
539.5,0,0,0,0,0,0,0,0,0,0,0,0,0,0,0,0,0,0,0,0,0,0,0,0,0,0,0,0,0,0,0,0,0
540.5,0,0,0,0,0,0,0,0,0,0,0,0,0,0,0,0,0,0,0,0,0,0,0,0,0,0,0,0,0,0,0,0,0
541.5,0,0,0,0,0,0,0,0,0,0,0,0,0,0,0,0,0,0,0,0,0,0,0,0,0,0,0,0,0,0,0,0,0
542.5,0,0,0,0,0,0,0,0,0,0,0,0,0,0,0,0,0,0,0,0,0,0,0,0,0,0,0,0,0,0,0,0,0
543.5,0,0,0,0,0,0,0,0,0,0,0,0,0,0,0,0,0,0,0,0,0,0,0,0,0,0,0,0,0,0,0,0,0
544.5,0,0,0,0,0,0,0,0,0,0,0,0,0,0,0,0,0,0,0,0,0,0,0,0,0,0,0,0,0,0,0,0,0
545.5,0,0,0,0,0,0,0,0,0,0,0,0,0,0,0,0,0,0,0,0,0,0,0,0,0,0,0,0,0,0,0,0,0
546.5,0,0,0,0,0,0,0,0,0,0,0,0,0,0,0,0,0,0,0,0,0,0,0,0,0,0,0,0,0,0,0,0,0
547.5,0,0,0,0,0,0,0,0,0,0,0,0,0,0,0,0,0,0,0,0,0,0,0,0,0,0,0,0,0,0,0,0,0
548.5,0,0,0,0,0,0,0,0,0,0,0,0,0,0,0,0,0,0,0,0,0,0,0,0,0,0,0,0,0,0,0,0,0
549.5,0,0,0,0,0,0,0,0,0,0,0,0,0,0,0,0,0,0,0,0,0,0,0,0,0,0,0,0,0,0,0,0,0
550.5,0,0,0,0,0,0,0,0,0,0,0,0,0,0,0,0,0,0,0,0,0,0,0,0,0,0,0,0,0,0,0,0,0
551.5,0,0,0,0,0,0,0,0,0,0,0,0,0,0,0,0,0,0,0,0,0,0,0,0,0,0,0,0,0,0,0,0,0
552.5,0,0,0,0,0,0,0,0,0,0,0,0,0,0,0,0,0,0,0,0,0,0,0,0,0,0,0,0,0,0,0,0,0
553.5,0,0,0,0,0,0,0,0,0,0,0,0,0,0,0,0,0,0,0,0,0,0,0,0,0,0,0,0,0,0,0,0,0
554.5,0,0,0,0,0,0,0,0,0,0,0,0,0,0,0,0,0,0,0,0,0,0,0,0,0,0,0,0,0,0,0,0,0
555.5,0,0,0,0,0,0,0,0,0,0,0,0,0,0,0,0,0,0,0,0,0,0,0,0,0,0,0,0,0,0,0,0,0
556.5,0,0,0,0,0,0,0,0,0,0,0,0,0,0,0,0,0,0,0,0,0,0,0,0,0,0,0,0,0,0,0,0,0
557.5,0,0,0,0,0,0,0,0,0,0,0,0,0,0,0,0,0,0,0,0,0,0,0,0,0,0,0,0,0,0,0,0,0
558.5,0,0,0,0,0,0,0,0,0,0,0,0,0,0,0,0,0,0,0,0,0,0,0,0,0,0,0,0,0,0,0,0,0
559.5,0,0,0,0,0,0,0,0,0,0,0,0,0,0,0,0,0,0,0,0,0,0,0,0,0,0,0,0,0,0,0,0,0
560.5,0,0,0,0,0,0,0,0,0,0,0,0,0,0,0,0,0,0,0,0,0,0,0,0,0,0,0,0,0,0,0,0,0
561.5,0,0,0,0,0,0,0,0,0,0,0,0,0,0,0,0,0,0,0,0,0,0,0,0,0,0,0,0,0,0,0,0,0
562.5,0,0,0,0,0,0,0,0,0,0,0,0,0,0,0,0,0,0,0,0,0,0,0,0,0,0,0,0,0,0,0,0,0
563.5,0,0,0,0,0,0,0,0,0,0,0,0,0,0,0,0,0,0,0,0,0,0,0,0,0,0,0,0,0,0,0,0,0
564.5,0,0,0,0,0,0,0,0,0,0,0,0,0,0,0,0,0,0,0,0,0,0,0,0,0,0,0,0,0,0,0,0,0
565.5,0,0,0,0,0,0,0,0,0,0,0,0,0,0,0,0,0,0,0,0,0,0,0,0,0,0,0,0,0,0,0,0,0
566.5,0,0,0,0,0,0,0,0,0,0,0,0,0,0,0,0,0,0,0,0,0,0,0,0,0,0,0,0,0,0,0,0,0
567.5,0,0,0,0,0,0,0,0,0,0,0,0,0,0,0,0,0,0,0,0,0,0,0,0,0,0,0,0,0,0,0,0,0
568.5,0,0,0,0,0,0,0,0,0,0,0,0,0,0,0,0,0,0,0,0,0,0,0,0,0,0,0,0,0,0,0,0,0
569.5,0,0,0,0,0,0,0,0,0,0,0,0,0,0,0,0,0,0,0,0,0,0,0,0,0,0,0,0,0,0,0,0,0
570.5,0,0,0,0,0,0,0,0,0,0,0,0,0,0,0,0,0,0,0,0,0,0,0,0,0,0,0,0,0,0,0,0,0
571.5,0,0,0,0,0,0,0,0,0,0,0,0,0,0,0,0,0,0,0,0,0,0,0,0,0,0,0,0,0,0,0,0,0
572.5,0,0,0,0,0,0,0,0,0,0,0,0,0,0,0,0,0,0,0,0,0,0,0,0,0,0,0,0,0,0,0,0,0
573.5,0,0,0,0,0,0,0,0,0,0,0,0,0,0,0,0,0,0,0,0,0,0,0,0,0,0,0,0,0,0,0,0,0
574.5,0,0,0,0,0,0,0,0,0,0,0,0,0,0,0,0,0,0,0,0,0,0,0,0,0,0,0,0,0,0,0,0,0
575.5,0,0,0,0,0,0,0,0,0,0,0,0,0,0,0,0,0,0,0,0,0,0,0,0,0,0,0,0,0,0,0,0,0
576.5,0,0,0,0,0,0,0,0,0,0,0,0,0,0,0,0,0,0,0,0,0,0,0,0,0,0,0,0,0,0,0,0,0
577.5,0,0,0,0,0,0,0,0,0,0,0,0,0,0,0,0,0,0,0,0,0,0,0,0,0,0,0,0,0,0,0,0,0
578.5,0,0,0,0,0,0,0,0,0,0,0,0,0,0,0,0,0,0,0,0,0,0,0,0,0,0,0,0,0,0,0,0,0
579.5,0,0,0,0,0,0,0,0,0,0,0,0,0,0,0,0,0,0,0,0,0,0,0,0,0,0,0,0,0,0,0,0,0
580.5,0,0,0,0,0,0,0,0,0,0,0,0,0,0,0,0,0,0,0,0,0,0,0,0,0,0,0,0,0,0,0,0,0
581.5,0,0,0,0,0,0,0,0,0,0,0,0,0,0,0,0,0,0,0,0,0,0,0,0,0,0,0,0,0,0,0,0,0
582.5,0,0,0,0,0,0,0,0,0,0,0,0,0,0,0,0,0,0,0,0,0,0,0,0,0,0,0,0,0,0,0,0,0
583.5,0,0,0,0,0,0,0,0,0,0,0,0,0,0,0,0,0,0,0,0,0,0,0,0,0,0,0,0,0,0,0,0,0
584.5,0,0,0,0,0,0,0,0,0,0,0,0,0,0,0,0,0,0,0,0,0,0,0,0,0,0,0,0,0,0,0,0,0
585.5,0,0,0,0,0,0,0,0,0,0,0,0,0,0,0,0,0,0,0,0,0,0,0,0,0,0,0,0,0,0,0,0,0
586.5,0,0,0,0,0,0,0,0,0,0,0,0,0,0,0,0,0,0,0,0,0,0,0,0,0,0,0,0,0,0,0,0,0
587.5,0,0,0,0,0,0,0,0,0,0,0,0,0,0,0,0,0,0,0,0,0,0,0,0,0,0,0,0,0,0,0,0,0
588.5,0,0,0,0,0,0,0,0,0,0,0,0,0,0,0,0,0,0,0,0,0,0,0,0,0,0,0,0,0,0,0,0,0
589.5,0,0,0,0,0,0,0,0,0,0,0,0,0,0,0,0,0,0,0,0,0,0,0,0,0,0,0,0,0,0,0,0,0
590.5,0,0,0,0,0,0,0,0,0,0,0,0,0,0,0,0,0,0,0,0,0,0,0,0,0,0,0,0,0,0,0,0,0
591.5,0,0,0,0,0,0,0,0,0,0,0,0,0,0,0,0,0,0,0,0,0,0,0,0,0,0,0,0,0,0,0,0,0
592.5,0,0,0,0,0,0,0,0,0,0,0,0,0,0,0,0,0,0,0,0,0,0,0,0,0,0,0,0,0,0,0,0,0
593.5,0,0,0,0,0,0,0,0,0,0,0,0,0,0,0,0,0,0,0,0,0,0,0,0,0,0,0,0,0,0,0,0,0
594.5,0,0,0,0,0,0,0,0,0,0,0,0,0,0,0,0,0,0,0,0,0,0,0,0,0,0,0,0,0,0,0,0,0
595.5,0,0,0,0,0,0,0,0,0,0,0,0,0,0,0,0,0,0,0,0,0,0,0,0,0,0,0,0,0,0,0,0,0
596.5,0,0,0,0,0,0,0,0,0,0,0,0,0,0,0,0,0,0,0,0,0,0,0,0,0,0,0,0,0,0,0,0,0
597.5,0,0,0,0,0,0,0,0,0,0,0,0,0,0,0,0,0,0,0,0,0,0,0,0,0,0,0,0,0,0,0,0,0
598.5,0,0,0,0,0,0,0,0,0,0,0,0,0,0,0,0,0,0,0,0,0,0,0,0,0,0,0,0,0,0,0,0,0
599.5,0,0,0,0,0,0,0,0,0,0,0,0,0,0,0,0,0,0,0,0,0,0,0,0,0,0,0,0,0,0,0,0,0
600.5,0,0,0,0,0,0,0,0,0,0,0,0,0,0,0,0,0,0,0,0,0,0,0,0,0,0,0,0,0,0,0,0,0
601.5,0,0,0,0,0,0,0,0,0,0,0,0,0,0,0,0,0,0,0,0,0,0,0,0,0,0,0,0,0,0,0,0,0
602.5,0,0,0,0,0,0,0,0,0,0,0,0,0,0,0,0,0,0,0,0,0,0,0,0,0,0,0,0,0,0,0,0,0
603.5,0,0,0,0,0,0,0,0,0,0,0,0,0,0,0,0,0,0,0,0,0,0,0,0,0,0,0,0,0,0,0,0,0
604.5,0,0,0,0,0,0,0,0,0,0,0,0,0,0,0,0,0,0,0,0,0,0,0,0,0,0,0,0,0,0,0,0,0
605.5,0,0,0,0,0,0,0,0,0,0,0,0,0,0,0,0,0,0,0,0,0,0,0,0,0,0,0,0,0,0,0,0,0
606.5,0,0,0,0,0,0,0,0,0,0,0,0,0,0,0,0,0,0,0,0,0,0,0,0,0,0,0,0,0,0,0,0,0
607.5,0,0,0,0,0,0,0,0,0,0,0,0,0,0,0,0,0,0,0,0,0,0,0,0,0,0,0,0,0,0,0,0,0
608.5,0,0,0,0,0,0,0,0,0,0,0,0,0,0,0,0,0,0,0,0,0,0,0,0,0,0,0,0,0,0,0,0,0
609.5,0,0,0,0,0,0,0,0,0,0,0,0,0,0,0,0,0,0,0,0,0,0,0,0,0,0,0,0,0,0,0,0,0
610.5,0,0,0,0,0,0,0,0,0,0,0,0,0,0,0,0,0,0,0,0,0,0,0,0,0,0,0,0,0,0,0,0,0
611.5,0,0,0,0,0,0,0,0,0,0,0,0,0,0,0,0,0,0,0,0,0,0,0,0,0,0,0,0,0,0,0,0,0
612.5,0,0,0,0,0,0,0,0,0,0,0,0,0,0,0,0,0,0,0,0,0,0,0,0,0,0,0,0,0,0,0,0,0
613.5,0,0,0,0,0,0,0,0,0,0,0,0,0,0,0,0,0,0,0,0,0,0,0,0,0,0,0,0,0,0,0,0,0
614.5,0,0,0,0,0,0,0,0,0,0,0,0,0,0,0,0,0,0,0,0,0,0,0,0,0,0,0,0,0,0,0,0,0
615.5,0,0,0,0,0,0,0,0,0,0,0,0,0,0,0,0,0,0,0,0,0,0,0,0,0,0,0,0,0,0,0,0,0
616.5,0,0,0,0,0,0,0,0,0,0,0,0,0,0,0,0,0,0,0,0,0,0,0,0,0,0,0,0,0,0,0,0,0
617.5,0,0,0,0,0,0,0,0,0,0,0,0,0,0,0,0,0,0,0,0,0,0,0,0,0,0,0,0,0,0,0,0,0
618.5,0,0,0,0,0,0,0,0,0,0,0,0,0,0,0,0,0,0,0,0,0,0,0,0,0,0,0,0,0,0,0,0,0
619.5,0,0,0,0,0,0,0,0,0,0,0,0,0,0,0,0,0,0,0,0,0,0,0,0,0,0,0,0,0,0,0,0,0
620.5,0,0,0,0,0,0,0,0,0,0,0,0,0,0,0,0,0,0,0,0,0,0,0,0,0,0,0,0,0,0,0,0,0
621.5,0,0,0,0,0,0,0,0,0,0,0,0,0,0,0,0,0,0,0,0,0,0,0,0,0,0,0,0,0,0,0,0,0
622.5,0,0,0,0,0,0,0,0,0,0,0,0,0,0,0,0,0,0,0,0,0,0,0,0,0,0,0,0,0,0,0,0,0
623.5,0,0,0,0,0,0,0,0,0,0,0,0,0,0,0,0,0,0,0,0,0,0,0,0,0,0,0,0,0,0,0,0,0
624.5,0,0,0,0,0,0,0,0,0,0,0,0,0,0,0,0,0,0,0,0,0,0,0,0,0,0,0,0,0,0,0,0,0
625.5,0,0,0,0,0,0,0,0,0,0,0,0,0,0,0,0,0,0,0,0,0,0,0,0,0,0,0,0,0,0,0,0,0
626.5,0,0,0,0,0,0,0,0,0,0,0,0,0,0,0,0,0,0,0,0,0,0,0,0,0,0,0,0,0,0,0,0,0
627.5,0,0,0,0,0,0,0,0,0,0,0,0,0,0,0,0,0,0,0,0,0,0,0,0,0,0,0,0,0,0,0,0,0
628.5,0,0,0,0,0,0,0,0,0,0,0,0,0,0,0,0,0,0,0,0,0,0,0,0,0,0,0,0,0,0,0,0,0
629.5,0,0,0,0,0,0,0,0,0,0,0,0,0,0,0,0,0,0,0,0,0,0,0,0,0,0,0,0,0,0,0,0,0
630.5,0,0,0,0,0,0,0,0,0,0,0,0,0,0,0,0,0,0,0,0,0,0,0,0,0,0,0,0,0,0,0,0,0
631.5,0,0,0,0,0,0,0,0,0,0,0,0,0,0,0,0,0,0,0,0,0,0,0,0,0,0,0,0,0,0,0,0,0
632.5,0,0,0,0,0,0,0,0,0,0,0,0,0,0,0,0,0,0,0,0,0,0,0,0,0,0,0,0,0,0,0,0,0
633.5,0,0,0,0,0,0,0,0,0,0,0,0,0,0,0,0,0,0,0,0,0,0,0,0,0,0,0,0,0,0,0,0,0
634.5,0,0,0,0,0,0,0,0,0,0,0,0,0,0,0,0,0,0,0,0,0,0,0,0,0,0,0,0,0,0,0,0,0
635.5,0,0,0,0,0,0,0,0,0,0,0,0,0,0,0,0,0,0,0,0,0,0,0,0,0,0,0,0,0,0,0,0,0
636.5,0,0,0,0,0,0,0,0,0,0,0,0,0,0,0,0,0,0,0,0,0,0,0,0,0,0,0,0,0,0,0,0,0
637.5,0,0,0,0,0,0,0,0,0,0,0,0,0,0,0,0,0,0,0,0,0,0,0,0,0,0,0,0,0,0,0,0,0
638.5,0,0,0,0,0,0,0,0,0,0,0,0,0,0,0,0,0,0,0,0,0,0,0,0,0,0,0,0,0,0,0,0,0
639.5,0,0,0,0,0,0,0,0,0,0,0,0,0,0,0,0,0,0,0,0,0,0,0,0,0,0,0,0,0,0,0,0,0
640.5,0,0,0,0,0,0,0,0,0,0,0,0,0,0,0,0,0,0,0,0,0,0,0,0,0,0,0,0,0,0,0,0,0
641.5,0,0,0,0,0,0,0,0,0,0,0,0,0,0,0,0,0,0,0,0,0,0,0,0,0,0,0,0,0,0,0,0,0
642.5,0,0,0,0,0,0,0,0,0,0,0,0,0,0,0,0,0,0,0,0,0,0,0,0,0,0,0,0,0,0,0,0,0
643.5,0,0,0,0,0,0,0,0,0,0,0,0,0,0,0,0,0,0,0,0,0,0,0,0,0,0,0,0,0,0,0,0,0
644.5,0,0,0,0,0,0,0,0,0,0,0,0,0,0,0,0,0,0,0,0,0,0,0,0,0,0,0,0,0,0,0,0,0
645.5,0,0,0,0,0,0,0,0,0,0,0,0,0,0,0,0,0,0,0,0,0,0,0,0,0,0,0,0,0,0,0,0,0
646.5,0,0,0,0,0,0,0,0,0,0,0,0,0,0,0,0,0,0,0,0,0,0,0,0,0,0,0,0,0,0,0,0,0
647.5,0,0,0,0,0,0,0,0,0,0,0,0,0,0,0,0,0,0,0,0,0,0,0,0,0,0,0,0,0,0,0,0,0
648.5,0,0,0,0,0,0,0,0,0,0,0,0,0,0,0,0,0,0,0,0,0,0,0,0,0,0,0,0,0,0,0,0,0
649.5,0,0,0,0,0,0,0,0,0,0,0,0,0,0,0,0,0,0,0,0,0,0,0,0,0,0,0,0,0,0,0,0,0
650.5,0,0,0,0,0,0,0,0,0,0,0,0,0,0,0,0,0,0,0,0,0,0,0,0,0,0,0,0,0,0,0,0,0
651.5,0,0,0,0,0,0,0,0,0,0,0,0,0,0,0,0,0,0,0,0,0,0,0,0,0,0,0,0,0,0,0,0,0
652.5,0,0,0,0,0,0,0,0,0,0,0,0,0,0,0,0,0,0,0,0,0,0,0,0,0,0,0,0,0,0,0,0,0
653.5,0,0,0,0,0,0,0,0,0,0,0,0,0,0,0,0,0,0,0,0,0,0,0,0,0,0,0,0,0,0,0,0,0
654.5,0,0,0,0,0,0,0,0,0,0,0,0,0,0,0,0,0,0,0,0,0,0,0,0,0,0,0,0,0,0,0,0,0
655.5,0,0,0,0,0,0,0,0,0,0,0,0,0,0,0,0,0,0,0,0,0,0,0,0,0,0,0,0,0,0,0,0,0
656.5,0,0,0,0,0,0,0,0,0,0,0,0,0,0,0,0,0,0,0,0,0,0,0,0,0,0,0,0,0,0,0,0,0
657.5,0,0,0,0,0,0,0,0,0,0,0,0,0,0,0,0,0,0,0,0,0,0,0,0,0,0,0,0,0,0,0,0,0
658.5,0,0,0,0,0,0,0,0,0,0,0,0,0,0,0,0,0,0,0,0,0,0,0,0,0,0,0,0,0,0,0,0,0
659.5,0,0,0,0,0,0,0,0,0,0,0,0,0,0,0,0,0,0,0,0,0,0,0,0,0,0,0,0,0,0,0,0,0
660.5,0,0,0,0,0,0,0,0,0,0,0,0,0,0,0,0,0,0,0,0,0,0,0,0,0,0,0,0,0,0,0,0,0
661.5,0,0,0,0,0,0,0,0,0,0,0,0,0,0,0,0,0,0,0,0,0,0,0,0,0,0,0,0,0,0,0,0,0
662.5,0,0,0,0,0,0,0,0,0,0,0,0,0,0,0,0,0,0,0,0,0,0,0,0,0,0,0,0,0,0,0,0,0
663.5,0,0,0,0,0,0,0,0,0,0,0,0,0,0,0,0,0,0,0,0,0,0,0,0,0,0,0,0,0,0,0,0,0
664.5,0,0,0,0,0,0,0,0,0,0,0,0,0,0,0,0,0,0,0,0,0,0,0,0,0,0,0,0,0,0,0,0,0
665.5,0,0,0,0,0,0,0,0,0,0,0,0,0,0,0,0,0,0,0,0,0,0,0,0,0,0,0,0,0,0,0,0,0
666.5,0,0,0,0,0,0,0,0,0,0,0,0,0,0,0,0,0,0,0,0,0,0,0,0,0,0,0,0,0,0,0,0,0
667.5,0,0,0,0,0,0,0,0,0,0,0,0,0,0,0,0,0,0,0,0,0,0,0,0,0,0,0,0,0,0,0,0,0
668.5,0,0,0,0,0,0,0,0,0,0,0,0,0,0,0,0,0,0,0,0,0,0,0,0,0,0,0,0,0,0,0,0,0
669.5,0,0,0,0,0,0,0,0,0,0,0,0,0,0,0,0,0,0,0,0,0,0,0,0,0,0,0,0,0,0,0,0,0
670.5,0,0,0,0,0,0,0,0,0,0,0,0,0,0,0,0,0,0,0,0,0,0,0,0,0,0,0,0,0,0,0,0,0
671.5,0,0,0,0,0,0,0,0,0,0,0,0,0,0,0,0,0,0,0,0,0,0,0,0,0,0,0,0,0,0,0,0,0
672.5,0,0,0,0,0,0,0,0,0,0,0,0,0,0,0,0,0,0,0,0,0,0,0,0,0,0,0,0,0,0,0,0,0
673.5,0,0,0,0,0,0,0,0,0,0,0,0,0,0,0,0,0,0,0,0,0,0,0,0,0,0,0,0,0,0,0,0,0
674.5,0,0,0,0,0,0,0,0,0,0,0,0,0,0,0,0,0,0,0,0,0,0,0,0,0,0,0,0,0,0,0,0,0
675.5,0,0,0,0,0,0,0,0,0,0,0,0,0,0,0,0,0,0,0,0,0,0,0,0,0,0,0,0,0,0,0,0,0
676.5,0,0,0,0,0,0,0,0,0,0,0,0,0,0,0,0,0,0,0,0,0,0,0,0,0,0,0,0,0,0,0,0,0
677.5,0,0,0,0,0,0,0,0,0,0,0,0,0,0,0,0,0,0,0,0,0,0,0,0,0,0,0,0,0,0,0,0,0
678.5,0,0,0,0,0,0,0,0,0,0,0,0,0,0,0,0,0,0,0,0,0,0,0,0,0,0,0,0,0,0,0,0,0
679.5,0,0,0,0,0,0,0,0,0,0,0,0,0,0,0,0,0,0,0,0,0,0,0,0,0,0,0,0,0,0,0,0,0
680.5,0,0,0,0,0,0,0,0,0,0,0,0,0,0,0,0,0,0,0,0,0,0,0,0,0,0,0,0,0,0,0,0,0
681.5,0,0,0,0,0,0,0,0,0,0,0,0,0,0,0,0,0,0,0,0,0,0,0,0,0,0,0,0,0,0,0,0,0
682.5,0,0,0,0,0,0,0,0,0,0,0,0,0,0,0,0,0,0,0,0,0,0,0,0,0,0,0,0,0,0,0,0,0
683.5,0,0,0,0,0,0,0,0,0,0,0,0,0,0,0,0,0,0,0,0,0,0,0,0,0,0,0,0,0,0,0,0,0
684.5,0,0,0,0,0,0,0,0,0,0,0,0,0,0,0,0,0,0,0,0,0,0,0,0,0,0,0,0,0,0,0,0,0
685.5,0,0,0,0,0,0,0,0,0,0,0,0,0,0,0,0,0,0,0,0,0,0,0,0,0,0,0,0,0,0,0,0,0
686.5,0,0,0,0,0,0,0,0,0,0,0,0,0,0,0,0,0,0,0,0,0,0,0,0,0,0,0,0,0,0,0,0,0
687.5,0,0,0,0,0,0,0,0,0,0,0,0,0,0,0,0,0,0,0,0,0,0,0,0,0,0,0,0,0,0,0,0,0
688.5,0,0,0,0,0,0,0,0,0,0,0,0,0,0,0,0,0,0,0,0,0,0,0,0,0,0,0,0,0,0,0,0,0
689.5,0,0,0,0,0,0,0,0,0,0,0,0,0,0,0,0,0,0,0,0,0,0,0,0,0,0,0,0,0,0,0,0,0
690.5,0,0,0,0,0,0,0,0,0,0,0,0,0,0,0,0,0,0,0,0,0,0,0,0,0,0,0,0,0,0,0,0,0
691.5,0,0,0,0,0,0,0,0,0,0,0,0,0,0,0,0,0,0,0,0,0,0,0,0,0,0,0,0,0,0,0,0,0
692.5,0,0,0,0,0,0,0,0,0,0,0,0,0,0,0,0,0,0,0,0,0,0,0,0,0,0,0,0,0,0,0,0,0
693.5,0,0,0,0,0,0,0,0,0,0,0,0,0,0,0,0,0,0,0,0,0,0,0,0,0,0,0,0,0,0,0,0,0
694.5,0,0,0,0,0,0,0,0,0,0,0,0,0,0,0,0,0,0,0,0,0,0,0,0,0,0,0,0,0,0,0,0,0
695.5,0,0,0,0,0,0,0,0,0,0,0,0,0,0,0,0,0,0,0,0,0,0,0,0,0,0,0,0,0,0,0,0,0
696.5,0,0,0,0,0,0,0,0,0,0,0,0,0,0,0,0,0,0,0,0,0,0,0,0,0,0,0,0,0,0,0,0,0
697.5,0,0,0,0,0,0,0,0,0,0,0,0,0,0,0,0,0,0,0,0,0,0,0,0,0,0,0,0,0,0,0,0,0
698.5,0,0,0,0,0,0,0,0,0,0,0,0,0,0,0,0,0,0,0,0,0,0,0,0,0,0,0,0,0,0,0,0,0
699.5,0,0,0,0,0,0,0,0,0,0,0,0,0,0,0,0,0,0,0,0,0,0,0,0,0,0,0,0,0,0,0,0,0
700.5,0,0,0,0,0,0,0,0,0,0,0,0,0,0,0,0,0,0,0,0,0,0,0,0,0,0,0,0,0,0,0,0,0
701.5,0,0,0,0,0,0,0,0,0,0,0,0,0,0,0,0,0,0,0,0,0,0,0,0,0,0,0,0,0,0,0,0,0
702.5,0,0,0,0,0,0,0,0,0,0,0,0,0,0,0,0,0,0,0,0,0,0,0,0,0,0,0,0,0,0,0,0,0
703.5,0,0,0,0,0,0,0,0,0,0,0,0,0,0,0,0,0,0,0,0,0,0,0,0,0,0,0,0,0,0,0,0,0
704.5,0,0,0,0,0,0,0,0,0,0,0,0,0,0,0,0,0,0,0,0,0,0,0,0,0,0,0,0,0,0,0,0,0
705.5,0,0,0,0,0,0,0,0,0,0,0,0,0,0,0,0,0,0,0,0,0,0,0,0,0,0,0,0,0,0,0,0,0
706.5,0,0,0,0,0,0,0,0,0,0,0,0,0,0,0,0,0,0,0,0,0,0,0,0,0,0,0,0,0,0,0,0,0
707.5,0,0,0,0,0,0,0,0,0,0,0,0,0,0,0,0,0,0,0,0,0,0,0,0,0,0,0,0,0,0,0,0,0
708.5,0,0,0,0,0,0,0,0,0,0,0,0,0,0,0,0,0,0,0,0,0,0,0,0,0,0,0,0,0,0,0,0,0
709.5,0,0,0,0,0,0,0,0,0,0,0,0,0,0,0,0,0,0,0,0,0,0,0,0,0,0,0,0,0,0,0,0,0
710.5,0,0,0,0,0,0,0,0,0,0,0,0,0,0,0,0,0,0,0,0,0,0,0,0,0,0,0,0,0,0,0,0,0
711.5,0,0,0,0,0,0,0,0,0,0,0,0,0,0,0,0,0,0,0,0,0,0,0,0,0,0,0,0,0,0,0,0,0
712.5,0,0,0,0,0,0,0,0,0,0,0,0,0,0,0,0,0,0,0,0,0,0,0,0,0,0,0,0,0,0,0,0,0
713.5,0,0,0,0,0,0,0,0,0,0,0,0,0,0,0,0,0,0,0,0,0,0,0,0,0,0,0,0,0,0,0,0,0
714.5,0,0,0,0,0,0,0,0,0,0,0,0,0,0,0,0,0,0,0,0,0,0,0,0,0,0,0,0,0,0,0,0,0
715.5,0,0,0,0,0,0,0,0,0,0,0,0,0,0,0,0,0,0,0,0,0,0,0,0,0,0,0,0,0,0,0,0,0
716.5,0,0,0,0,0,0,0,0,0,0,0,0,0,0,0,0,0,0,0,0,0,0,0,0,0,0,0,0,0,0,0,0,0
717.5,0,0,0,0,0,0,0,0,0,0,0,0,0,0,0,0,0,0,0,0,0,0,0,0,0,0,0,0,0,0,0,0,0
718.5,0,0,0,0,0,0,0,0,0,0,0,0,0,0,0,0,0,0,0,0,0,0,0,0,0,0,0,0,0,0,0,0,0
719.5,0,0,0,0,0,0,0,0,0,0,0,0,0,0,0,0,0,0,0,0,0,0,0,0,0,0,0,0,0,0,0,0,0
720.5,0,0,0,0,0,0,0,0,0,0,0,0,0,0,0,0,0,0,0,0,0,0,0,0,0,0,0,0,0,0,0,0,0
721.5,0,0,0,0,0,0,0,0,0,0,0,0,0,0,0,0,0,0,0,0,0,0,0,0,0,0,0,0,0,0,0,0,0
722.5,0,0,0,0,0,0,0,0,0,0,0,0,0,0,0,0,0,0,0,0,0,0,0,0,0,0,0,0,0,0,0,0,0
723.5,0,0,0,0,0,0,0,0,0,0,0,0,0,0,0,0,0,0,0,0,0,0,0,0,0,0,0,0,0,0,0,0,0
724.5,0,0,0,0,0,0,0,0,0,0,0,0,0,0,0,0,0,0,0,0,0,0,0,0,0,0,0,0,0,0,0,0,0
725.5,0,0,0,0,0,0,0,0,0,0,0,0,0,0,0,0,0,0,0,0,0,0,0,0,0,0,0,0,0,0,0,0,0
726.5,0,0,0,0,0,0,0,0,0,0,0,0,0,0,0,0,0,0,0,0,0,0,0,0,0,0,0,0,0,0,0,0,0
727.5,0,0,0,0,0,0,0,0,0,0,0,0,0,0,0,0,0,0,0,0,0,0,0,0,0,0,0,0,0,0,0,0,0
728.5,0,0,0,0,0,0,0,0,0,0,0,0,0,0,0,0,0,0,0,0,0,0,0,0,0,0,0,0,0,0,0,0,0
729.5,0,0,0,0,0,0,0,0,0,0,0,0,0,0,0,0,0,0,0,0,0,0,0,0,0,0,0,0,0,0,0,0,0
730.5,0,0,0,0,0,0,0,0,0,0,0,0,0,0,0,0,0,0,0,0,0,0,0,0,0,0,0,0,0,0,0,0,0
731.5,0,0,0,0,0,0,0,0,0,0,0,0,0,0,0,0,0,0,0,0,0,0,0,0,0,0,0,0,0,0,0,0,0
732.5,0,0,0,0,0,0,0,0,0,0,0,0,0,0,0,0,0,0,0,0,0,0,0,0,0,0,0,0,0,0,0,0,0
733.5,0,0,0,0,0,0,0,0,0,0,0,0,0,0,0,0,0,0,0,0,0,0,0,0,0,0,0,0,0,0,0,0,0
734.5,0,0,0,0,0,0,0,0,0,0,0,0,0,0,0,0,0,0,0,0,0,0,0,0,0,0,0,0,0,0,0,0,0
735.5,0,0,0,0,0,0,0,0,0,0,0,0,0,0,0,0,0,0,0,0,0,0,0,0,0,0,0,0,0,0,0,0,0
736.5,0,0,0,0,0,0,0,0,0,0,0,0,0,0,0,0,0,0,0,0,0,0,0,0,0,0,0,0,0,0,0,0,0
737.5,0,0,0,0,0,0,0,0,0,0,0,0,0,0,0,0,0,0,0,0,0,0,0,0,0,0,0,0,0,0,0,0,0
738.5,0,0,0,0,0,0,0,0,0,0,0,0,0,0,0,0,0,0,0,0,0,0,0,0,0,0,0,0,0,0,0,0,0
739.5,0,0,0,0,0,0,0,0,0,0,0,0,0,0,0,0,0,0,0,0,0,0,0,0,0,0,0,0,0,0,0,0,0
740.5,0,0,0,0,0,0,0,0,0,0,0,0,0,0,0,0,0,0,0,0,0,0,0,0,0,0,0,0,0,0,0,0,0
741.5,0,0,0,0,0,0,0,0,0,0,0,0,0,0,0,0,0,0,0,0,0,0,0,0,0,0,0,0,0,0,0,0,0
742.5,0,0,0,0,0,0,0,0,0,0,0,0,0,0,0,0,0,0,0,0,0,0,0,0,0,0,0,0,0,0,0,0,0
743.5,0,0,0,0,0,0,0,0,0,0,0,0,0,0,0,0,0,0,0,0,0,0,0,0,0,0,0,0,0,0,0,0,0
744.5,0,0,0,0,0,0,0,0,0,0,0,0,0,0,0,0,0,0,0,0,0,0,0,0,0,0,0,0,0,0,0,0,0
745.5,0,0,0,0,0,0,0,0,0,0,0,0,0,0,0,0,0,0,0,0,0,0,0,0,0,0,0,0,0,0,0,0,0
746.5,0,0,0,0,0,0,0,0,0,0,0,0,0,0,0,0,0,0,0,0,0,0,0,0,0,0,0,0,0,0,0,0,0
747.5,0,0,0,0,0,0,0,0,0,0,0,0,0,0,0,0,0,0,0,0,0,0,0,0,0,0,0,0,0,0,0,0,0
748.5,0,0,0,0,0,0,0,0,0,0,0,0,0,0,0,0,0,0,0,0,0,0,0,0,0,0,0,0,0,0,0,0,0
749.5,0,0,0,0,0,0,0,0,0,0,0,0,0,0,0,0,0,0,0,0,0,0,0,0,0,0,0,0,0,0,0,0,0
750.5,0,0,0,0,0,0,0,0,0,0,0,0,0,0,0,0,0,0,0,0,0,0,0,0,0,0,0,0,0,0,0,0,0
751.5,0,0,0,0,0,0,0,0,0,0,0,0,0,0,0,0,0,0,0,0,0,0,0,0,0,0,0,0,0,0,0,0,0
752.5,0,0,0,0,0,0,0,0,0,0,0,0,0,0,0,0,0,0,0,0,0,0,0,0,0,0,0,0,0,0,0,0,0
753.5,0,0,0,0,0,0,0,0,0,0,0,0,0,0,0,0,0,0,0,0,0,0,0,0,0,0,0,0,0,0,0,0,0
754.5,0,0,0,0,0,0,0,0,0,0,0,0,0,0,0,0,0,0,0,0,0,0,0,0,0,0,0,0,0,0,0,0,0
755.5,0,0,0,0,0,0,0,0,0,0,0,0,0,0,0,0,0,0,0,0,0,0,0,0,0,0,0,0,0,0,0,0,0
756.5,0,0,0,0,0,0,0,0,0,0,0,0,0,0,0,0,0,0,0,0,0,0,0,0,0,0,0,0,0,0,0,0,0
757.5,0,0,0,0,0,0,0,0,0,0,0,0,0,0,0,0,0,0,0,0,0,0,0,0,0,0,0,0,0,0,0,0,0
758.5,0,0,0,0,0,0,0,0,0,0,0,0,0,0,0,0,0,0,0,0,0,0,0,0,0,0,0,0,0,0,0,0,0
759.5,0,0,0,0,0,0,0,0,0,0,0,0,0,0,0,0,0,0,0,0,0,0,0,0,0,0,0,0,0,0,0,0,0
760.5,0,0,0,0,0,0,0,0,0,0,0,0,0,0,0,0,0,0,0,0,0,0,0,0,0,0,0,0,0,0,0,0,0
761.5,0,0,0,0,0,0,0,0,0,0,0,0,0,0,0,0,0,0,0,0,0,0,0,0,0,0,0,0,0,0,0,0,0
762.5,0,0,0,0,0,0,0,0,0,0,0,0,0,0,0,0,0,0,0,0,0,0,0,0,0,0,0,0,0,0,0,0,0
763.5,0,0,0,0,0,0,0,0,0,0,0,0,0,0,0,0,0,0,0,0,0,0,0,0,0,0,0,0,0,0,0,0,0
764.5,0,0,0,0,0,0,0,0,0,0,0,0,0,0,0,0,0,0,0,0,0,0,0,0,0,0,0,0,0,0,0,0,0
765.5,0,0,0,0,0,0,0,0,0,0,0,0,0,0,0,0,0,0,0,0,0,0,0,0,0,0,0,0,0,0,0,0,0
766.5,0,0,0,0,0,0,0,0,0,0,0,0,0,0,0,0,0,0,0,0,0,0,0,0,0,0,0,0,0,0,0,0,0
767.5,0,0,0,0,0,0,0,0,0,0,0,0,0,0,0,0,0,0,0,0,0,0,0,0,0,0,0,0,0,0,0,0,0
768.5,0,0,0,0,0,0,0,0,0,0,0,0,0,0,0,0,0,0,0,0,0,0,0,0,0,0,0,0,0,0,0,0,0
769.5,0,0,0,0,0,0,0,0,0,0,0,0,0,0,0,0,0,0,0,0,0,0,0,0,0,0,0,0,0,0,0,0,0
770.5,0,0,0,0,0,0,0,0,0,0,0,0,0,0,0,0,0,0,0,0,0,0,0,0,0,0,0,0,0,0,0,0,0
771.5,0,0,0,0,0,0,0,0,0,0,0,0,0,0,0,0,0,0,0,0,0,0,0,0,0,0,0,0,0,0,0,0,0
772.5,0,0,0,0,0,0,0,0,0,0,0,0,0,0,0,0,0,0,0,0,0,0,0,0,0,0,0,0,0,0,0,0,0
773.5,0,0,0,0,0,0,0,0,0,0,0,0,0,0,0,0,0,0,0,0,0,0,0,0,0,0,0,0,0,0,0,0,0
774.5,0,0,0,0,0,0,0,0,0,0,0,0,0,0,0,0,0,0,0,0,0,0,0,0,0,0,0,0,0,0,0,0,0
775.5,0,0,0,0,0,0,0,0,0,0,0,0,0,0,0,0,0,0,0,0,0,0,0,0,0,0,0,0,0,0,0,0,0
776.5,0,0,0,0,0,0,0,0,0,0,0,0,0,0,0,0,0,0,0,0,0,0,0,0,0,0,0,0,0,0,0,0,0
777.5,0,0,0,0,0,0,0,0,0,0,0,0,0,0,0,0,0,0,0,0,0,0,0,0,0,0,0,0,0,0,0,0,0
778.5,0,0,0,0,0,0,0,0,0,0,0,0,0,0,0,0,0,0,0,0,0,0,0,0,0,0,0,0,0,0,0,0,0
779.5,0,0,0,0,0,0,0,0,0,0,0,0,0,0,0,0,0,0,0,0,0,0,0,0,0,0,0,0,0,0,0,0,0
780.5,0,0,0,0,0,0,0,0,0,0,0,0,0,0,0,0,0,0,0,0,0,0,0,0,0,0,0,0,0,0,0,0,0
781.5,0,0,0,0,0,0,0,0,0,0,0,0,0,0,0,0,0,0,0,0,0,0,0,0,0,0,0,0,0,0,0,0,0
782.5,0,0,0,0,0,0,0,0,0,0,0,0,0,0,0,0,0,0,0,0,0,0,0,0,0,0,0,0,0,0,0,0,0
783.5,0,0,0,0,0,0,0,0,0,0,0,0,0,0,0,0,0,0,0,0,0,0,0,0,0,0,0,0,0,0,0,0,0
784.5,0,0,0,0,0,0,0,0,0,0,0,0,0,0,0,0,0,0,0,0,0,0,0,0,0,0,0,0,0,0,0,0,0
785.5,0,0,0,0,0,0,0,0,0,0,0,0,0,0,0,0,0,0,0,0,0,0,0,0,0,0,0,0,0,0,0,0,0
786.5,0,0,0,0,0,0,0,0,0,0,0,0,0,0,0,0,0,0,0,0,0,0,0,0,0,0,0,0,0,0,0,0,0
787.5,0,0,0,0,0,0,0,0,0,0,0,0,0,0,0,0,0,0,0,0,0,0,0,0,0,0,0,0,0,0,0,0,0
788.5,0,0,0,0,0,0,0,0,0,0,0,0,0,0,0,0,0,0,0,0,0,0,0,0,0,0,0,0,0,0,0,0,0
789.5,0,0,0,0,0,0,0,0,0,0,0,0,0,0,0,0,0,0,0,0,0,0,0,0,0,0,0,0,0,0,0,0,0
790.5,0,0,0,0,0,0,0,0,0,0,0,0,0,0,0,0,0,0,0,0,0,0,0,0,0,0,0,0,0,0,0,0,0
791.5,0,0,0,0,0,0,0,0,0,0,0,0,0,0,0,0,0,0,0,0,0,0,0,0,0,0,0,0,0,0,0,0,0
792.5,0,0,0,0,0,0,0,0,0,0,0,0,0,0,0,0,0,0,0,0,0,0,0,0,0,0,0,0,0,0,0,0,0
793.5,0,0,0,0,0,0,0,0,0,0,0,0,0,0,0,0,0,0,0,0,0,0,0,0,0,0,0,0,0,0,0,0,0
794.5,0,0,0,0,0,0,0,0,0,0,0,0,0,0,0,0,0,0,0,0,0,0,0,0,0,0,0,0,0,0,0,0,0
795.5,0,0,0,0,0,0,0,0,0,0,0,0,0,0,0,0,0,0,0,0,0,0,0,0,0,0,0,0,0,0,0,0,0
796.5,0,0,0,0,0,0,0,0,0,0,0,0,0,0,0,0,0,0,0,0,0,0,0,0,0,0,0,0,0,0,0,0,0
797.5,0,0,0,0,0,0,0,0,0,0,0,0,0,0,0,0,0,0,0,0,0,0,0,0,0,0,0,0,0,0,0,0,0
798.5,0,0,0,0,0,0,0,0,0,0,0,0,0,0,0,0,0,0,0,0,0,0,0,0,0,0,0,0,0,0,0,0,0
799.5,0,0,0,0,0,0,0,0,0,0,0,0,0,0,0,0,0,0,0,0,0,0,0,0,0,0,0,0,0,0,0,0,0
800.5,0,0,0,0,0,0,0,0,0,0,0,0,0,0,0,0,0,0,0,0,0,0,0,0,0,0,0,0,0,0,0,0,0
801.5,0,0,0,0,0,0,0,0,0,0,0,0,0,0,0,0,0,0,0,0,0,0,0,0,0,0,0,0,0,0,0,0,0
802.5,0,0,0,0,0,0,0,0,0,0,0,0,0,0,0,0,0,0,0,0,0,0,0,0,0,0,0,0,0,0,0,0,0
803.5,0,0,0,0,0,0,0,0,0,0,0,0,0,0,0,0,0,0,0,0,0,0,0,0,0,0,0,0,0,0,0,0,0
804.5,0,0,0,0,0,0,0,0,0,0,0,0,0,0,0,0,0,0,0,0,0,0,0,0,0,0,0,0,0,0,0,0,0
805.5,0,0,0,0,0,0,0,0,0,0,0,0,0,0,0,0,0,0,0,0,0,0,0,0,0,0,0,0,0,0,0,0,0
806.5,0,0,0,0,0,0,0,0,0,0,0,0,0,0,0,0,0,0,0,0,0,0,0,0,0,0,0,0,0,0,0,0,0
807.5,0,0,0,0,0,0,0,0,0,0,0,0,0,0,0,0,0,0,0,0,0,0,0,0,0,0,0,0,0,0,0,0,0
808.5,0,0,0,0,0,0,0,0,0,0,0,0,0,0,0,0,0,0,0,0,0,0,0,0,0,0,0,0,0,0,0,0,0
809.5,0,0,0,0,0,0,0,0,0,0,0,0,0,0,0,0,0,0,0,0,0,0,0,0,0,0,0,0,0,0,0,0,0
810.5,0,0,0,0,0,0,0,0,0,0,0,0,0,0,0,0,0,0,0,0,0,0,0,0,0,0,0,0,0,0,0,0,0
811.5,0,0,0,0,0,0,0,0,0,0,0,0,0,0,0,0,0,0,0,0,0,0,0,0,0,0,0,0,0,0,0,0,0
812.5,0,0,0,0,0,0,0,0,0,0,0,0,0,0,0,0,0,0,0,0,0,0,0,0,0,0,0,0,0,0,0,0,0
813.5,0,0,0,0,0,0,0,0,0,0,0,0,0,0,0,0,0,0,0,0,0,0,0,0,0,0,0,0,0,0,0,0,0
814.5,0,0,0,0,0,0,0,0,0,0,0,0,0,0,0,0,0,0,0,0,0,0,0,0,0,0,0,0,0,0,0,0,0
815.5,0,0,0,0,0,0,0,0,0,0,0,0,0,0,0,0,0,0,0,0,0,0,0,0,0,0,0,0,0,0,0,0,0
816.5,0,0,0,0,0,0,0,0,0,0,0,0,0,0,0,0,0,0,0,0,0,0,0,0,0,0,0,0,0,0,0,0,0
817.5,0,0,0,0,0,0,0,0,0,0,0,0,0,0,0,0,0,0,0,0,0,0,0,0,0,0,0,0,0,0,0,0,0
818.5,0,0,0,0,0,0,0,0,0,0,0,0,0,0,0,0,0,0,0,0,0,0,0,0,0,0,0,0,0,0,0,0,0
819.5,0,0,0,0,0,0,0,0,0,0,0,0,0,0,0,0,0,0,0,0,0,0,0,0,0,0,0,0,0,0,0,0,0
820.5,0,0,0,0,0,0,0,0,0,0,0,0,0,0,0,0,0,0,0,0,0,0,0,0,0,0,0,0,0,0,0,0,0
821.5,0,0,0,0,0,0,0,0,0,0,0,0,0,0,0,0,0,0,0,0,0,0,0,0,0,0,0,0,0,0,0,0,0
822.5,0,0,0,0,0,0,0,0,0,0,0,0,0,0,0,0,0,0,0,0,0,0,0,0,0,0,0,0,0,0,0,0,0
823.5,0,0,0,0,0,0,0,0,0,0,0,0,0,0,0,0,0,0,0,0,0,0,0,0,0,0,0,0,0,0,0,0,0
824.5,0,0,0,0,0,0,0,0,0,0,0,0,0,0,0,0,0,0,0,0,0,0,0,0,0,0,0,0,0,0,0,0,0
825.5,0,0,0,0,0,0,0,0,0,0,0,0,0,0,0,0,0,0,0,0,0,0,0,0,0,0,0,0,0,0,0,0,0
826.5,0,0,0,0,0,0,0,0,0,0,0,0,0,0,0,0,0,0,0,0,0,0,0,0,0,0,0,0,0,0,0,0,0
827.5,0,0,0,0,0,0,0,0,0,0,0,0,0,0,0,0,0,0,0,0,0,0,0,0,0,0,0,0,0,0,0,0,0
828.5,0,0,0,0,0,0,0,0,0,0,0,0,0,0,0,0,0,0,0,0,0,0,0,0,0,0,0,0,0,0,0,0,0
829.5,0,0,0,0,0,0,0,0,0,0,0,0,0,0,0,0,0,0,0,0,0,0,0,0,0,0,0,0,0,0,0,0,0
830.5,0,0,0,0,0,0,0,0,0,0,0,0,0,0,0,0,0,0,0,0,0,0,0,0,0,0,0,0,0,0,0,0,0
831.5,0,0,0,0,0,0,0,0,0,0,0,0,0,0,0,0,0,0,0,0,0,0,0,0,0,0,0,0,0,0,0,0,0
832.5,0,0,0,0,0,0,0,0,0,0,0,0,0,0,0,0,0,0,0,0,0,0,0,0,0,0,0,0,0,0,0,0,0
833.5,0,0,0,0,0,0,0,0,0,0,0,0,0,0,0,0,0,0,0,0,0,0,0,0,0,0,0,0,0,0,0,0,0
834.5,0,0,0,0,0,0,0,0,0,0,0,0,0,0,0,0,0,0,0,0,0,0,0,0,0,0,0,0,0,0,0,0,0
835.5,0,0,0,0,0,0,0,0,0,0,0,0,0,0,0,0,0,0,0,0,0,0,0,0,0,0,0,0,0,0,0,0,0
836.5,0,0,0,0,0,0,0,0,0,0,0,0,0,0,0,0,0,0,0,0,0,0,0,0,0,0,0,0,0,0,0,0,0
837.5,0,0,0,0,0,0,0,0,0,0,0,0,0,0,0,0,0,0,0,0,0,0,0,0,0,0,0,0,0,0,0,0,0
838.5,0,0,0,0,0,0,0,0,0,0,0,0,0,0,0,0,0,0,0,0,0,0,0,0,0,0,0,0,0,0,0,0,0
839.5,0,0,0,0,0,0,0,0,0,0,0,0,0,0,0,0,0,0,0,0,0,0,0,0,0,0,0,0,0,0,0,0,0
840.5,0,0,0,0,0,0,0,0,0,0,0,0,0,0,0,0,0,0,0,0,0,0,0,0,0,0,0,0,0,0,0,0,0
841.5,0,0,0,0,0,0,0,0,0,0,0,0,0,0,0,0,0,0,0,0,0,0,0,0,0,0,0,0,0,0,0,0,0
842.5,0,0,0,0,0,0,0,0,0,0,0,0,0,0,0,0,0,0,0,0,0,0,0,0,0,0,0,0,0,0,0,0,0
843.5,0,0,0,0,0,0,0,0,0,0,0,0,0,0,0,0,0,0,0,0,0,0,0,0,0,0,0,0,0,0,0,0,0
844.5,0,0,0,0,0,0,0,0,0,0,0,0,0,0,0,0,0,0,0,0,0,0,0,0,0,0,0,0,0,0,0,0,0
845.5,0,0,0,0,0,0,0,0,0,0,0,0,0,0,0,0,0,0,0,0,0,0,0,0,0,0,0,0,0,0,0,0,0
846.5,0,0,0,0,0,0,0,0,0,0,0,0,0,0,0,0,0,0,0,0,0,0,0,0,0,0,0,0,0,0,0,0,0
847.5,0,0,0,0,0,0,0,0,0,0,0,0,0,0,0,0,0,0,0,0,0,0,0,0,0,0,0,0,0,0,0,0,0
848.5,0,0,0,0,0,0,0,0,0,0,0,0,0,0,0,0,0,0,0,0,0,0,0,0,0,0,0,0,0,0,0,0,0
849.5,0,0,0,0,0,0,0,0,0,0,0,0,0,0,0,0,0,0,0,0,0,0,0,0,0,0,0,0,0,0,0,0,0
850.5,0,0,0,0,0,0,0,0,0,0,0,0,0,0,0,0,0,0,0,0,0,0,0,0,0,0,0,0,0,0,0,0,0
851.5,0,0,0,0,0,0,0,0,0,0,0,0,0,0,0,0,0,0,0,0,0,0,0,0,0,0,0,0,0,0,0,0,0
852.5,0,0,0,0,0,0,0,0,0,0,0,0,0,0,0,0,0,0,0,0,0,0,0,0,0,0,0,0,0,0,0,0,0
853.5,0,0,0,0,0,0,0,0,0,0,0,0,0,0,0,0,0,0,0,0,0,0,0,0,0,0,0,0,0,0,0,0,0
854.5,0,0,0,0,0,0,0,0,0,0,0,0,0,0,0,0,0,0,0,0,0,0,0,0,0,0,0,0,0,0,0,0,0
855.5,0,0,0,0,0,0,0,0,0,0,0,0,0,0,0,0,0,0,0,0,0,0,0,0,0,0,0,0,0,0,0,0,0
856.5,0,0,0,0,0,0,0,0,0,0,0,0,0,0,0,0,0,0,0,0,0,0,0,0,0,0,0,0,0,0,0,0,0
857.5,0,0,0,0,0,0,0,0,0,0,0,0,0,0,0,0,0,0,0,0,0,0,0,0,0,0,0,0,0,0,0,0,0
858.5,0,0,0,0,0,0,0,0,0,0,0,0,0,0,0,0,0,0,0,0,0,0,0,0,0,0,0,0,0,0,0,0,0
859.5,0,0,0,0,0,0,0,0,0,0,0,0,0,0,0,0,0,0,0,0,0,0,0,0,0,0,0,0,0,0,0,0,0
860.5,0,0,0,0,0,0,0,0,0,0,0,0,0,0,0,0,0,0,0,0,0,0,0,0,0,0,0,0,0,0,0,0,0
861.5,0,0,0,0,0,0,0,0,0,0,0,0,0,0,0,0,0,0,0,0,0,0,0,0,0,0,0,0,0,0,0,0,0
862.5,0,0,0,0,0,0,0,0,0,0,0,0,0,0,0,0,0,0,0,0,0,0,0,0,0,0,0,0,0,0,0,0,0
863.5,0,0,0,0,0,0,0,0,0,0,0,0,0,0,0,0,0,0,0,0,0,0,0,0,0,0,0,0,0,0,0,0,0
864.5,0,0,0,0,0,0,0,0,0,0,0,0,0,0,0,0,0,0,0,0,0,0,0,0,0,0,0,0,0,0,0,0,0
865.5,0,0,0,0,0,0,0,0,0,0,0,0,0,0,0,0,0,0,0,0,0,0,0,0,0,0,0,0,0,0,0,0,0
866.5,0,0,0,0,0,0,0,0,0,0,0,0,0,0,0,0,0,0,0,0,0,0,0,0,0,0,0,0,0,0,0,0,0
867.5,0,0,0,0,0,0,0,0,0,0,0,0,0,0,0,0,0,0,0,0,0,0,0,0,0,0,0,0,0,0,0,0,0
868.5,0,0,0,0,0,0,0,0,0,0,0,0,0,0,0,0,0,0,0,0,0,0,0,0,0,0,0,0,0,0,0,0,0
869.5,0,0,0,0,0,0,0,0,0,0,0,0,0,0,0,0,0,0,0,0,0,0,0,0,0,0,0,0,0,0,0,0,0
870.5,0,0,0,0,0,0,0,0,0,0,0,0,0,0,0,0,0,0,0,0,0,0,0,0,0,0,0,0,0,0,0,0,0
871.5,0,0,0,0,0,0,0,0,0,0,0,0,0,0,0,0,0,0,0,0,0,0,0,0,0,0,0,0,0,0,0,0,0
872.5,0,0,0,0,0,0,0,0,0,0,0,0,0,0,0,0,0,0,0,0,0,0,0,0,0,0,0,0,0,0,0,0,0
873.5,0,0,0,0,0,0,0,0,0,0,0,0,0,0,0,0,0,0,0,0,0,0,0,0,0,0,0,0,0,0,0,0,0
874.5,0,0,0,0,0,0,0,0,0,0,0,0,0,0,0,0,0,0,0,0,0,0,0,0,0,0,0,0,0,0,0,0,0
875.5,0,0,0,0,0,0,0,0,0,0,0,0,0,0,0,0,0,0,0,0,0,0,0,0,0,0,0,0,0,0,0,0,0
876.5,0,0,0,0,0,0,0,0,0,0,0,0,0,0,0,0,0,0,0,0,0,0,0,0,0,0,0,0,0,0,0,0,0
877.5,0,0,0,0,0,0,0,0,0,0,0,0,0,0,0,0,0,0,0,0,0,0,0,0,0,0,0,0,0,0,0,0,0
878.5,0,0,0,0,0,0,0,0,0,0,0,0,0,0,0,0,0,0,0,0,0,0,0,0,0,0,0,0,0,0,0,0,0
879.5,0,0,0,0,0,0,0,0,0,0,0,0,0,0,0,0,0,0,0,0,0,0,0,0,0,0,0,0,0,0,0,0,0
880.5,0,0,0,0,0,0,0,0,0,0,0,0,0,0,0,0,0,0,0,0,0,0,0,0,0,0,0,0,0,0,0,0,0
881.5,0,0,0,0,0,0,0,0,0,0,0,0,0,0,0,0,0,0,0,0,0,0,0,0,0,0,0,0,0,0,0,0,0
882.5,0,0,0,0,0,0,0,0,0,0,0,0,0,0,0,0,0,0,0,0,0,0,0,0,0,0,0,0,0,0,0,0,0
883.5,0,0,0,0,0,0,0,0,0,0,0,0,0,0,0,0,0,0,0,0,0,0,0,0,0,0,0,0,0,0,0,0,0
884.5,0,0,0,0,0,0,0,0,0,0,0,0,0,0,0,0,0,0,0,0,0,0,0,0,0,0,0,0,0,0,0,0,0
885.5,0,0,0,0,0,0,0,0,0,0,0,0,0,0,0,0,0,0,0,0,0,0,0,0,0,0,0,0,0,0,0,0,0
886.5,0,0,0,0,0,0,0,0,0,0,0,0,0,0,0,0,0,0,0,0,0,0,0,0,0,0,0,0,0,0,0,0,0
887.5,0,0,0,0,0,0,0,0,0,0,0,0,0,0,0,0,0,0,0,0,0,0,0,0,0,0,0,0,0,0,0,0,0
888.5,0,0,0,0,0,0,0,0,0,0,0,0,0,0,0,0,0,0,0,0,0,0,0,0,0,0,0,0,0,0,0,0,0
889.5,0,0,0,0,0,0,0,0,0,0,0,0,0,0,0,0,0,0,0,0,0,0,0,0,0,0,0,0,0,0,0,0,0
890.5,0,0,0,0,0,0,0,0,0,0,0,0,0,0,0,0,0,0,0,0,0,0,0,0,0,0,0,0,0,0,0,0,0
891.5,0,0,0,0,0,0,0,0,0,0,0,0,0,0,0,0,0,0,0,0,0,0,0,0,0,0,0,0,0,0,0,0,0
892.5,0,0,0,0,0,0,0,0,0,0,0,0,0,0,0,0,0,0,0,0,0,0,0,0,0,0,0,0,0,0,0,0,0
893.5,0,0,0,0,0,0,0,0,0,0,0,0,0,0,0,0,0,0,0,0,0,0,0,0,0,0,0,0,0,0,0,0,0
894.5,0,0,0,0,0,0,0,0,0,0,0,0,0,0,0,0,0,0,0,0,0,0,0,0,0,0,0,0,0,0,0,0,0
895.5,0,0,0,0,0,0,0,0,0,0,0,0,0,0,0,0,0,0,0,0,0,0,0,0,0,0,0,0,0,0,0,0,0
896.5,0,0,0,0,0,0,0,0,0,0,0,0,0,0,0,0,0,0,0,0,0,0,0,0,0,0,0,0,0,0,0,0,0
897.5,0,0,0,0,0,0,0,0,0,0,0,0,0,0,0,0,0,0,0,0,0,0,0,0,0,0,0,0,0,0,0,0,0
898.5,0,0,0,0,0,0,0,0,0,0,0,0,0,0,0,0,0,0,0,0,0,0,0,0,0,0,0,0,0,0,0,0,0
899.5,0,0,0,0,0,0,0,0,0,0,0,0,0,0,0,0,0,0,0,0,0,0,0,0,0,0,0,0,0,0,0,0,0
900.5,0,0,0,0,0,0,0,0,0,0,0,0,0,0,0,0,0,0,0,0,0,0,0,0,0,0,0,0,0,0,0,0,0
901.5,0,0,0,0,0,0,0,0,0,0,0,0,0,0,0,0,0,0,0,0,0,0,0,0,0,0,0,0,0,0,0,0,0
902.5,0,0,0,0,0,0,0,0,0,0,0,0,0,0,0,0,0,0,0,0,0,0,0,0,0,0,0,0,0,0,0,0,0
903.5,0,0,0,0,0,0,0,0,0,0,0,0,0,0,0,0,0,0,0,0,0,0,0,0,0,0,0,0,0,0,0,0,0
904.5,0,0,0,0,0,0,0,0,0,0,0,0,0,0,0,0,0,0,0,0,0,0,0,0,0,0,0,0,0,0,0,0,0
905.5,0,0,0,0,0,0,0,0,0,0,0,0,0,0,0,0,0,0,0,0,0,0,0,0,0,0,0,0,0,0,0,0,0
906.5,0,0,0,0,0,0,0,0,0,0,0,0,0,0,0,0,0,0,0,0,0,0,0,0,0,0,0,0,0,0,0,0,0
907.5,0,0,0,0,0,0,0,0,0,0,0,0,0,0,0,0,0,0,0,0,0,0,0,0,0,0,0,0,0,0,0,0,0
908.5,0,0,0,0,0,0,0,0,0,0,0,0,0,0,0,0,0,0,0,0,0,0,0,0,0,0,0,0,0,0,0,0,0
909.5,0,0,0,0,0,0,0,0,0,0,0,0,0,0,0,0,0,0,0,0,0,0,0,0,0,0,0,0,0,0,0,0,0
910.5,0,0,0,0,0,0,0,0,0,0,0,0,0,0,0,0,0,0,0,0,0,0,0,0,0,0,0,0,0,0,0,0,0
911.5,0,0,0,0,0,0,0,0,0,0,0,0,0,0,0,0,0,0,0,0,0,0,0,0,0,0,0,0,0,0,0,0,0
912.5,0,0,0,0,0,0,0,0,0,0,0,0,0,0,0,0,0,0,0,0,0,0,0,0,0,0,0,0,0,0,0,0,0
913.5,0,0,0,0,0,0,0,0,0,0,0,0,0,0,0,0,0,0,0,0,0,0,0,0,0,0,0,0,0,0,0,0,0
914.5,0,0,0,0,0,0,0,0,0,0,0,0,0,0,0,0,0,0,0,0,0,0,0,0,0,0,0,0,0,0,0,0,0
915.5,0,0,0,0,0,0,0,0,0,0,0,0,0,0,0,0,0,0,0,0,0,0,0,0,0,0,0,0,0,0,0,0,0
916.5,0,0,0,0,0,0,0,0,0,0,0,0,0,0,0,0,0,0,0,0,0,0,0,0,0,0,0,0,0,0,0,0,0
917.5,0,0,0,0,0,0,0,0,0,0,0,0,0,0,0,0,0,0,0,0,0,0,0,0,0,0,0,0,0,0,0,0,0
918.5,0,0,0,0,0,0,0,0,0,0,0,0,0,0,0,0,0,0,0,0,0,0,0,0,0,0,0,0,0,0,0,0,0
919.5,0,0,0,0,0,0,0,0,0,0,0,0,0,0,0,0,0,0,0,0,0,0,0,0,0,0,0,0,0,0,0,0,0
920.5,0,0,0,0,0,0,0,0,0,0,0,0,0,0,0,0,0,0,0,0,0,0,0,0,0,0,0,0,0,0,0,0,0
921.5,0,0,0,0,0,0,0,0,0,0,0,0,0,0,0,0,0,0,0,0,0,0,0,0,0,0,0,0,0,0,0,0,0
922.5,0,0,0,0,0,0,0,0,0,0,0,0,0,0,0,0,0,0,0,0,0,0,0,0,0,0,0,0,0,0,0,0,0
923.5,0,0,0,0,0,0,0,0,0,0,0,0,0,0,0,0,0,0,0,0,0,0,0,0,0,0,0,0,0,0,0,0,0
924.5,0,0,0,0,0,0,0,0,0,0,0,0,0,0,0,0,0,0,0,0,0,0,0,0,0,0,0,0,0,0,0,0,0
925.5,0,0,0,0,0,0,0,0,0,0,0,0,0,0,0,0,0,0,0,0,0,0,0,0,0,0,0,0,0,0,0,0,0
926.5,0,0,0,0,0,0,0,0,0,0,0,0,0,0,0,0,0,0,0,0,0,0,0,0,0,0,0,0,0,0,0,0,0
927.5,0,0,0,0,0,0,0,0,0,0,0,0,0,0,0,0,0,0,0,0,0,0,0,0,0,0,0,0,0,0,0,0,0
928.5,0,0,0,0,0,0,0,0,0,0,0,0,0,0,0,0,0,0,0,0,0,0,0,0,0,0,0,0,0,0,0,0,0
929.5,0,0,0,0,0,0,0,0,0,0,0,0,0,0,0,0,0,0,0,0,0,0,0,0,0,0,0,0,0,0,0,0,0
930.5,0,0,0,0,0,0,0,0,0,0,0,0,0,0,0,0,0,0,0,0,0,0,0,0,0,0,0,0,0,0,0,0,0
931.5,0,0,0,0,0,0,0,0,0,0,0,0,0,0,0,0,0,0,0,0,0,0,0,0,0,0,0,0,0,0,0,0,0
932.5,0,0,0,0,0,0,0,0,0,0,0,0,0,0,0,0,0,0,0,0,0,0,0,0,0,0,0,0,0,0,0,0,0
933.5,0,0,0,0,0,0,0,0,0,0,0,0,0,0,0,0,0,0,0,0,0,0,0,0,0,0,0,0,0,0,0,0,0
934.5,0,0,0,0,0,0,0,0,0,0,0,0,0,0,0,0,0,0,0,0,0,0,0,0,0,0,0,0,0,0,0,0,0
935.5,0,0,0,0,0,0,0,0,0,0,0,0,0,0,0,0,0,0,0,0,0,0,0,0,0,0,0,0,0,0,0,0,0
936.5,0,0,0,0,0,0,0,0,0,0,0,0,0,0,0,0,0,0,0,0,0,0,0,0,0,0,0,0,0,0,0,0,0
937.5,0,0,0,0,0,0,0,0,0,0,0,0,0,0,0,0,0,0,0,0,0,0,0,0,0,0,0,0,0,0,0,0,0
938.5,0,0,0,0,0,0,0,0,0,0,0,0,0,0,0,0,0,0,0,0,0,0,0,0,0,0,0,0,0,0,0,0,0
939.5,0,0,0,0,0,0,0,0,0,0,0,0,0,0,0,0,0,0,0,0,0,0,0,0,0,0,0,0,0,0,0,0,0
940.5,0,0,0,0,0,0,0,0,0,0,0,0,0,0,0,0,0,0,0,0,0,0,0,0,0,0,0,0,0,0,0,0,0
941.5,0,0,0,0,0,0,0,0,0,0,0,0,0,0,0,0,0,0,0,0,0,0,0,0,0,0,0,0,0,0,0,0,0
942.5,0,0,0,0,0,0,0,0,0,0,0,0,0,0,0,0,0,0,0,0,0,0,0,0,0,0,0,0,0,0,0,0,0
943.5,0,0,0,0,0,0,0,0,0,0,0,0,0,0,0,0,0,0,0,0,0,0,0,0,0,0,0,0,0,0,0,0,0
944.5,0,0,0,0,0,0,0,0,0,0,0,0,0,0,0,0,0,0,0,0,0,0,0,0,0,0,0,0,0,0,0,0,0
945.5,0,0,0,0,0,0,0,0,0,0,0,0,0,0,0,0,0,0,0,0,0,0,0,0,0,0,0,0,0,0,0,0,0
946.5,0,0,0,0,0,0,0,0,0,0,0,0,0,0,0,0,0,0,0,0,0,0,0,0,0,0,0,0,0,0,0,0,0
947.5,0,0,0,0,0,0,0,0,0,0,0,0,0,0,0,0,0,0,0,0,0,0,0,0,0,0,0,0,0,0,0,0,0
948.5,0,0,0,0,0,0,0,0,0,0,0,0,0,0,0,0,0,0,0,0,0,0,0,0,0,0,0,0,0,0,0,0,0
949.5,0,0,0,0,0,0,0,0,0,0,0,0,0,0,0,0,0,0,0,0,0,0,0,0,0,0,0,0,0,0,0,0,0
950.5,0,0,0,0,0,0,0,0,0,0,0,0,0,0,0,0,0,0,0,0,0,0,0,0,0,0,0,0,0,0,0,0,0
951.5,0,0,0,0,0,0,0,0,0,0,0,0,0,0,0,0,0,0,0,0,0,0,0,0,0,0,0,0,0,0,0,0,0
952.5,0,0,0,0,0,0,0,0,0,0,0,0,0,0,0,0,0,0,0,0,0,0,0,0,0,0,0,0,0,0,0,0,0
953.5,0,0,0,0,0,0,0,0,0,0,0,0,0,0,0,0,0,0,0,0,0,0,0,0,0,0,0,0,0,0,0,0,0
954.5,0,0,0,0,0,0,0,0,0,0,0,0,0,0,0,0,0,0,0,0,0,0,0,0,0,0,0,0,0,0,0,0,0
955.5,0,0,0,0,0,0,0,0,0,0,0,0,0,0,0,0,0,0,0,0,0,0,0,0,0,0,0,0,0,0,0,0,0
956.5,0,0,0,0,0,0,0,0,0,0,0,0,0,0,0,0,0,0,0,0,0,0,0,0,0,0,0,0,0,0,0,0,0
957.5,0,0,0,0,0,0,0,0,0,0,0,0,0,0,0,0,0,0,0,0,0,0,0,0,0,0,0,0,0,0,0,0,0
958.5,0,0,0,0,0,0,0,0,0,0,0,0,0,0,0,0,0,0,0,0,0,0,0,0,0,0,0,0,0,0,0,0,0
959.5,0,0,0,0,0,0,0,0,0,0,0,0,0,0,0,0,0,0,0,0,0,0,0,0,0,0,0,0,0,0,0,0,0
960.5,0,0,0,0,0,0,0,0,0,0,0,0,0,0,0,0,0,0,0,0,0,0,0,0,0,0,0,0,0,0,0,0,0
961.5,0,0,0,0,0,0,0,0,0,0,0,0,0,0,0,0,0,0,0,0,0,0,0,0,0,0,0,0,0,0,0,0,0
962.5,0,0,0,0,0,0,0,0,0,0,0,0,0,0,0,0,0,0,0,0,0,0,0,0,0,0,0,0,0,0,0,0,0
963.5,0,0,0,0,0,0,0,0,0,0,0,0,0,0,0,0,0,0,0,0,0,0,0,0,0,0,0,0,0,0,0,0,0
964.5,0,0,0,0,0,0,0,0,0,0,0,0,0,0,0,0,0,0,0,0,0,0,0,0,0,0,0,0,0,0,0,0,0
965.5,0,0,0,0,0,0,0,0,0,0,0,0,0,0,0,0,0,0,0,0,0,0,0,0,0,0,0,0,0,0,0,0,0
966.5,0,0,0,0,0,0,0,0,0,0,0,0,0,0,0,0,0,0,0,0,0,0,0,0,0,0,0,0,0,0,0,0,0
967.5,0,0,0,0,0,0,0,0,0,0,0,0,0,0,0,0,0,0,0,0,0,0,0,0,0,0,0,0,0,0,0,0,0
968.5,0,0,0,0,0,0,0,0,0,0,0,0,0,0,0,0,0,0,0,0,0,0,0,0,0,0,0,0,0,0,0,0,0
969.5,0,0,0,0,0,0,0,0,0,0,0,0,0,0,0,0,0,0,0,0,0,0,0,0,0,0,0,0,0,0,0,0,0
970.5,0,0,0,0,0,0,0,0,0,0,0,0,0,0,0,0,0,0,0,0,0,0,0,0,0,0,0,0,0,0,0,0,0
971.5,0,0,0,0,0,0,0,0,0,0,0,0,0,0,0,0,0,0,0,0,0,0,0,0,0,0,0,0,0,0,0,0,0
972.5,0,0,0,0,0,0,0,0,0,0,0,0,0,0,0,0,0,0,0,0,0,0,0,0,0,0,0,0,0,0,0,0,0
973.5,0,0,0,0,0,0,0,0,0,0,0,0,0,0,0,0,0,0,0,0,0,0,0,0,0,0,0,0,0,0,0,0,0
974.5,0,0,0,0,0,0,0,0,0,0,0,0,0,0,0,0,0,0,0,0,0,0,0,0,0,0,0,0,0,0,0,0,0
975.5,0,0,0,0,0,0,0,0,0,0,0,0,0,0,0,0,0,0,0,0,0,0,0,0,0,0,0,0,0,0,0,0,0
976.5,0,0,0,0,0,0,0,0,0,0,0,0,0,0,0,0,0,0,0,0,0,0,0,0,0,0,0,0,0,0,0,0,0
977.5,0,0,0,0,0,0,0,0,0,0,0,0,0,0,0,0,0,0,0,0,0,0,0,0,0,0,0,0,0,0,0,0,0
978.5,0,0,0,0,0,0,0,0,0,0,0,0,0,0,0,0,0,0,0,0,0,0,0,0,0,0,0,0,0,0,0,0,0
979.5,0,0,0,0,0,0,0,0,0,0,0,0,0,0,0,0,0,0,0,0,0,0,0,0,0,0,0,0,0,0,0,0,0
980.5,0,0,0,0,0,0,0,0,0,0,0,0,0,0,0,0,0,0,0,0,0,0,0,0,0,0,0,0,0,0,0,0,0
981.5,0,0,0,0,0,0,0,0,0,0,0,0,0,0,0,0,0,0,0,0,0,0,0,0,0,0,0,0,0,0,0,0,0
982.5,0,0,0,0,0,0,0,0,0,0,0,0,0,0,0,0,0,0,0,0,0,0,0,0,0,0,0,0,0,0,0,0,0
983.5,0,0,0,0,0,0,0,0,0,0,0,0,0,0,0,0,0,0,0,0,0,0,0,0,0,0,0,0,0,0,0,0,0
984.5,0,0,0,0,0,0,0,0,0,0,0,0,0,0,0,0,0,0,0,0,0,0,0,0,0,0,0,0,0,0,0,0,0
985.5,0,0,0,0,0,0,0,0,0,0,0,0,0,0,0,0,0,0,0,0,0,0,0,0,0,0,0,0,0,0,0,0,0
986.5,0,0,0,0,0,0,0,0,0,0,0,0,0,0,0,0,0,0,0,0,0,0,0,0,0,0,0,0,0,0,0,0,0
987.5,0,0,0,0,0,0,0,0,0,0,0,0,0,0,0,0,0,0,0,0,0,0,0,0,0,0,0,0,0,0,0,0,0
988.5,0,0,0,0,0,0,0,0,0,0,0,0,0,0,0,0,0,0,0,0,0,0,0,0,0,0,0,0,0,0,0,0,0
989.5,0,0,0,0,0,0,0,0,0,0,0,0,0,0,0,0,0,0,0,0,0,0,0,0,0,0,0,0,0,0,0,0,0
990.5,0,0,0,0,0,0,0,0,0,0,0,0,0,0,0,0,0,0,0,0,0,0,0,0,0,0,0,0,0,0,0,0,0
991.5,0,0,0,0,0,0,0,0,0,0,0,0,0,0,0,0,0,0,0,0,0,0,0,0,0,0,0,0,0,0,0,0,0
992.5,0,0,0,0,0,0,0,0,0,0,0,0,0,0,0,0,0,0,0,0,0,0,0,0,0,0,0,0,0,0,0,0,0
993.5,0,0,0,0,0,0,0,0,0,0,0,0,0,0,0,0,0,0,0,0,0,0,0,0,0,0,0,0,0,0,0,0,0
994.5,0,0,0,0,0,0,0,0,0,0,0,0,0,0,0,0,0,0,0,0,0,0,0,0,0,0,0,0,0,0,0,0,0
995.5,0,0,0,0,0,0,0,0,0,0,0,0,0,0,0,0,0,0,0,0,0,0,0,0,0,0,0,0,0,0,0,0,0
996.5,0,0,0,0,0,0,0,0,0,0,0,0,0,0,0,0,0,0,0,0,0,0,0,0,0,0,0,0,0,0,0,0,0
997.5,0,0,0,0,0,0,0,0,0,0,0,0,0,0,0,0,0,0,0,0,0,0,0,0,0,0,0,0,0,0,0,0,0
998.5,0,0,0,0,0,0,0,0,0,0,0,0,0,0,0,0,0,0,0,0,0,0,0,0,0,0,0,0,0,0,0,0,0
999.5,0,0,0,0,0,0,0,0,0,0,0,0,0,0,0,0,0,0,0,0,0,0,0,0,0,0,0,0,0,0,0,0,0
